keyword,date,all,pc,wise
宜宾,2022-01-01,1909,251,1658
宜宾,2022-01-02,2026,262,1764
宜宾,2022-01-03,2162,344,1818
宜宾,2022-01-04,2572,709,1863
宜宾,2022-01-05,2442,577,1865
宜宾,2022-01-06,2474,583,1891
宜宾,2022-01-07,2452,625,1827
宜宾,2022-01-08,2494,386,2108
宜宾,2022-01-09,2298,369,1929
宜宾,2022-01-10,2736,661,2075
宜宾,2022-01-11,2522,591,1931
宜宾,2022-01-12,2539,651,1888
宜宾,2022-01-13,2602,659,1943
宜宾,2022-01-14,2433,535,1898
宜宾,2022-01-15,2197,346,1851
宜宾,2022-01-16,2135,274,1861
宜宾,2022-01-17,2595,594,2001
宜宾,2022-01-18,2562,568,1994
宜宾,2022-01-19,2540,563,1977
宜宾,2022-01-20,2936,659,2277
宜宾,2022-01-21,2645,557,2088
宜宾,2022-01-22,2487,377,2110
宜宾,2022-01-23,2399,347,2052
宜宾,2022-01-24,2817,682,2135
宜宾,2022-01-25,2696,555,2141
宜宾,2022-01-26,2807,582,2225
宜宾,2022-01-27,2805,687,2118
宜宾,2022-01-28,2692,591,2101
宜宾,2022-01-29,2816,468,2348
宜宾,2022-01-30,2284,312,1972
宜宾,2022-01-31,1953,205,1748
宜宾,2022-02-01,2084,208,1876
宜宾,2022-02-02,2582,316,2266
宜宾,2022-02-03,2565,251,2314
宜宾,2022-02-04,2627,268,2359
宜宾,2022-02-05,2454,259,2195
宜宾,2022-02-06,2615,343,2272
宜宾,2022-02-07,2715,603,2112
宜宾,2022-02-08,2888,732,2156
宜宾,2022-02-09,2998,816,2182
宜宾,2022-02-10,3121,833,2288
宜宾,2022-02-11,3088,788,2300
宜宾,2022-02-12,2615,430,2185
宜宾,2022-02-13,2565,361,2204
宜宾,2022-02-14,3014,836,2178
宜宾,2022-02-15,3142,867,2275
宜宾,2022-02-16,3324,864,2460
宜宾,2022-02-17,3128,850,2278
宜宾,2022-02-18,3063,844,2219
宜宾,2022-02-19,2276,408,1868
宜宾,2022-02-20,2565,457,2108
宜宾,2022-02-21,2976,853,2123
宜宾,2022-02-22,3034,848,2186
宜宾,2022-02-23,2867,856,2011
宜宾,2022-02-24,2873,844,2029
宜宾,2022-02-25,2578,716,1862
宜宾,2022-02-26,2328,416,1912
宜宾,2022-02-27,2484,465,2019
宜宾,2022-02-28,2868,852,2016
宜宾,2022-03-01,2830,844,1986
宜宾,2022-03-02,2695,780,1915
宜宾,2022-03-03,2831,842,1989
宜宾,2022-03-04,2616,780,1836
宜宾,2022-03-05,2329,440,1889
宜宾,2022-03-06,2236,340,1896
宜宾,2022-03-07,2762,808,1954
宜宾,2022-03-08,2708,783,1925
宜宾,2022-03-09,2802,775,2027
宜宾,2022-03-10,2894,791,2103
宜宾,2022-03-11,2670,729,1941
宜宾,2022-03-12,2364,451,1913
宜宾,2022-03-13,2436,450,1986
宜宾,2022-03-14,3721,875,2846
宜宾,2022-03-15,4103,907,3196
宜宾,2022-03-16,3030,848,2182
宜宾,2022-03-17,2918,789,2129
宜宾,2022-03-18,3039,841,2198
宜宾,2022-03-19,2640,515,2125
宜宾,2022-03-20,2438,519,1919
宜宾,2022-03-21,2757,844,1913
宜宾,2022-03-22,2738,848,1890
宜宾,2022-03-23,2701,841,1860
宜宾,2022-03-24,2634,769,1865
宜宾,2022-03-25,2678,747,1931
宜宾,2022-03-26,2311,454,1857
宜宾,2022-03-27,2155,310,1845
宜宾,2022-03-28,2766,797,1969
宜宾,2022-03-29,2886,845,2041
宜宾,2022-03-30,2726,811,1915
宜宾,2022-03-31,2934,814,2120
宜宾,2022-04-01,2867,734,2133
宜宾,2022-04-02,2683,738,1945
宜宾,2022-04-03,2250,383,1867
宜宾,2022-04-04,2211,355,1856
宜宾,2022-04-05,2372,406,1966
宜宾,2022-04-06,6706,1047,5659
宜宾,2022-04-07,3613,844,2769
宜宾,2022-04-08,2873,783,2090
宜宾,2022-04-09,1987,420,1567
宜宾,2022-04-10,1907,375,1532
宜宾,2022-04-11,2654,763,1891
宜宾,2022-04-12,2822,806,2016
宜宾,2022-04-13,2591,689,1902
宜宾,2022-04-14,2652,853,1799
宜宾,2022-04-15,2950,771,2179
宜宾,2022-04-16,2156,412,1744
宜宾,2022-04-17,1909,310,1599
宜宾,2022-04-18,2576,834,1742
宜宾,2022-04-19,2573,843,1730
宜宾,2022-04-20,2540,751,1789
宜宾,2022-04-21,2567,752,1815
宜宾,2022-04-22,3011,799,2212
宜宾,2022-04-23,2257,350,1907
宜宾,2022-04-24,2748,794,1954
宜宾,2022-04-25,2935,827,2108
宜宾,2022-04-26,2927,847,2080
宜宾,2022-04-27,2803,817,1986
宜宾,2022-04-28,3148,842,2306
宜宾,2022-04-29,2951,751,2200
宜宾,2022-04-30,2350,430,1920
宜宾,2022-05-01,2191,312,1879
宜宾,2022-05-02,2046,282,1764
宜宾,2022-05-03,2073,343,1730
宜宾,2022-05-04,2265,402,1863
宜宾,2022-05-05,2519,791,1728
宜宾,2022-05-06,2558,765,1793
宜宾,2022-05-07,2602,724,1878
宜宾,2022-05-08,2116,420,1696
宜宾,2022-05-09,2655,754,1901
宜宾,2022-05-10,2832,763,2069
宜宾,2022-05-11,2671,720,1951
宜宾,2022-05-12,2559,710,1849
宜宾,2022-05-13,2921,749,2172
宜宾,2022-05-14,2496,459,2037
宜宾,2022-05-15,2276,381,1895
宜宾,2022-05-16,2687,786,1901
宜宾,2022-05-17,2792,814,1978
宜宾,2022-05-18,2594,716,1878
宜宾,2022-05-19,2599,729,1870
宜宾,2022-05-20,2370,560,1810
宜宾,2022-05-21,2059,304,1755
宜宾,2022-05-22,2258,310,1948
宜宾,2022-05-23,2531,679,1852
宜宾,2022-05-24,2566,653,1913
宜宾,2022-05-25,2394,588,1806
宜宾,2022-05-26,2467,563,1904
宜宾,2022-05-27,2455,555,1900
宜宾,2022-05-28,2203,315,1888
宜宾,2022-05-29,2244,273,1971
宜宾,2022-05-30,2670,757,1913
宜宾,2022-05-31,2451,611,1840
宜宾,2022-06-01,3044,701,2343
宜宾,2022-06-02,2633,605,2028
宜宾,2022-06-03,2052,195,1857
宜宾,2022-06-04,2077,226,1851
宜宾,2022-06-05,2270,296,1974
宜宾,2022-06-06,3658,877,2781
宜宾,2022-06-07,3220,752,2468
宜宾,2022-06-08,4698,882,3816
宜宾,2022-06-09,8822,1236,7586
宜宾,2022-06-10,7118,1018,6100
宜宾,2022-06-11,2975,374,2601
宜宾,2022-06-12,2724,332,2392
宜宾,2022-06-13,3296,837,2459
宜宾,2022-06-14,3182,765,2417
宜宾,2022-06-15,2987,727,2260
宜宾,2022-06-16,2948,676,2272
宜宾,2022-06-17,3259,751,2508
宜宾,2022-06-18,2917,357,2560
宜宾,2022-06-19,2726,299,2427
宜宾,2022-06-20,2966,819,2147
宜宾,2022-06-21,2849,758,2091
宜宾,2022-06-22,2734,709,2025
宜宾,2022-06-23,3118,755,2363
宜宾,2022-06-24,4475,817,3658
宜宾,2022-06-25,3715,443,3272
宜宾,2022-06-26,3442,374,3068
宜宾,2022-06-27,3800,854,2946
宜宾,2022-06-28,3581,849,2732
宜宾,2022-06-29,3195,704,2491
宜宾,2022-06-30,2899,689,2210
宜宾,2022-07-01,2903,721,2182
宜宾,2022-07-02,2495,394,2101
宜宾,2022-07-03,2405,293,2112
宜宾,2022-07-04,2873,825,2048
宜宾,2022-07-05,2947,847,2100
宜宾,2022-07-06,3021,846,2175
宜宾,2022-07-07,2903,740,2163
宜宾,2022-07-08,2944,730,2214
宜宾,2022-07-09,2306,202,2104
宜宾,2022-07-10,2564,225,2339
宜宾,2022-07-11,3288,842,2446
宜宾,2022-07-12,3015,681,2334
宜宾,2022-07-13,3166,830,2336
宜宾,2022-07-14,3098,735,2363
宜宾,2022-07-15,3402,783,2619
宜宾,2022-07-16,2979,267,2712
宜宾,2022-07-17,2500,228,2272
宜宾,2022-07-18,3266,830,2436
宜宾,2022-07-19,3061,613,2448
宜宾,2022-07-20,3884,844,3040
宜宾,2022-07-21,4269,899,3370
宜宾,2022-07-22,3884,841,3043
宜宾,2022-07-23,2781,326,2455
宜宾,2022-07-24,2738,287,2451
宜宾,2022-07-25,3238,730,2508
宜宾,2022-07-26,3132,726,2406
宜宾,2022-07-27,2999,678,2321
宜宾,2022-07-28,2906,704,2202
宜宾,2022-07-29,2605,454,2151
宜宾,2022-07-30,2278,204,2074
宜宾,2022-07-31,2255,193,2062
宜宾,2022-08-01,2922,627,2295
宜宾,2022-08-02,2660,496,2164
宜宾,2022-08-03,2446,478,1968
宜宾,2022-08-04,2394,388,2006
宜宾,2022-08-05,2445,389,2056
宜宾,2022-08-06,2239,187,2052
宜宾,2022-08-07,2232,194,2038
宜宾,2022-08-08,2661,623,2038
宜宾,2022-08-09,2639,577,2062
宜宾,2022-08-10,2505,485,2020
宜宾,2022-08-11,2521,554,1967
宜宾,2022-08-12,2732,609,2123
宜宾,2022-08-13,2170,208,1962
宜宾,2022-08-14,2301,254,2047
宜宾,2022-08-15,2696,492,2204
宜宾,2022-08-16,2873,586,2287
宜宾,2022-08-17,2782,592,2190
宜宾,2022-08-18,2725,651,2074
宜宾,2022-08-19,2429,510,1919
宜宾,2022-08-20,2320,219,2101
宜宾,2022-08-21,2285,180,2105
宜宾,2022-08-22,2766,709,2057
宜宾,2022-08-23,2587,490,2097
宜宾,2022-08-24,2579,533,2046
宜宾,2022-08-25,2658,566,2092
宜宾,2022-08-26,2294,333,1961
宜宾,2022-08-27,2050,205,1845
宜宾,2022-08-28,2195,166,2029
宜宾,2022-08-29,2739,644,2095
宜宾,2022-08-30,2581,512,2069
宜宾,2022-08-31,2487,535,1952
宜宾,2022-09-01,2350,563,1787
宜宾,2022-09-02,2143,354,1789
宜宾,2022-09-03,2035,219,1816
宜宾,2022-09-04,2119,251,1868
宜宾,2022-09-05,3314,866,2448
宜宾,2022-09-06,2716,794,1922
宜宾,2022-09-07,4237,912,3325
宜宾,2022-09-08,4054,861,3193
宜宾,2022-09-09,5210,912,4298
宜宾,2022-09-10,3866,506,3360
宜宾,2022-09-11,3310,510,2800
宜宾,2022-09-12,3337,549,2788
宜宾,2022-09-13,3549,873,2676
宜宾,2022-09-14,3464,871,2593
宜宾,2022-09-15,2925,771,2154
宜宾,2022-09-16,2719,695,2024
宜宾,2022-09-17,2317,400,1917
宜宾,2022-09-18,2497,411,2086
宜宾,2022-09-19,3100,853,2247
宜宾,2022-09-20,2800,799,2001
宜宾,2022-09-21,2727,760,1967
宜宾,2022-09-22,2629,788,1841
宜宾,2022-09-23,2386,696,1690
宜宾,2022-09-24,1945,361,1584
宜宾,2022-09-25,1891,343,1548
宜宾,2022-09-26,2378,800,1578
宜宾,2022-09-27,2254,653,1601
宜宾,2022-09-28,2250,684,1566
宜宾,2022-09-29,2304,716,1588
宜宾,2022-09-30,2177,611,1566
宜宾,2022-10-01,1858,245,1613
宜宾,2022-10-02,1670,273,1397
宜宾,2022-10-03,1865,298,1567
宜宾,2022-10-04,1819,287,1532
宜宾,2022-10-05,2056,375,1681
宜宾,2022-10-06,2391,544,1847
宜宾,2022-10-07,2426,395,2031
宜宾,2022-10-08,2904,846,2058
宜宾,2022-10-09,2424,712,1712
宜宾,2022-10-10,2243,681,1562
宜宾,2022-10-11,2381,794,1587
宜宾,2022-10-12,2241,769,1472
宜宾,2022-10-13,2089,709,1380
宜宾,2022-10-14,2032,647,1385
宜宾,2022-10-15,1564,304,1260
宜宾,2022-10-16,1658,293,1365
宜宾,2022-10-17,2553,772,1781
宜宾,2022-10-18,2328,749,1579
宜宾,2022-10-19,2233,707,1526
宜宾,2022-10-20,2391,769,1622
宜宾,2022-10-21,2436,716,1720
宜宾,2022-10-22,1901,361,1540
宜宾,2022-10-23,1913,344,1569
宜宾,2022-10-24,2393,754,1639
宜宾,2022-10-25,2597,791,1806
宜宾,2022-10-26,2525,766,1759
宜宾,2022-10-27,2335,699,1636
宜宾,2022-10-28,2195,647,1548
宜宾,2022-10-29,1885,375,1510
宜宾,2022-10-30,1655,161,1494
宜宾,2022-10-31,2343,791,1552
宜宾,2022-11-01,2272,721,1551
宜宾,2022-11-02,2323,789,1534
宜宾,2022-11-03,2231,703,1528
宜宾,2022-11-04,2075,661,1414
宜宾,2022-11-05,1738,330,1408
宜宾,2022-11-06,1699,315,1384
宜宾,2022-11-07,2092,659,1433
宜宾,2022-11-08,2078,659,1419
宜宾,2022-11-09,2081,627,1454
宜宾,2022-11-10,2023,637,1386
宜宾,2022-11-11,1919,561,1358
宜宾,2022-11-12,1683,310,1373
宜宾,2022-11-13,1678,310,1368
宜宾,2022-11-14,2143,713,1430
宜宾,2022-11-15,2186,654,1532
宜宾,2022-11-16,2197,685,1512
宜宾,2022-11-17,2226,698,1528
宜宾,2022-11-18,2252,713,1539
宜宾,2022-11-19,1791,330,1461
宜宾,2022-11-20,1884,344,1540
宜宾,2022-11-21,2230,758,1472
宜宾,2022-11-22,2269,730,1539
宜宾,2022-11-23,2217,738,1479
宜宾,2022-11-24,2162,687,1475
宜宾,2022-11-25,2047,597,1450
宜宾,2022-11-26,1714,329,1385
宜宾,2022-11-27,1617,321,1296
宜宾,2022-11-28,2030,623,1407
宜宾,2022-11-29,2189,684,1505
宜宾,2022-11-30,2111,651,1460
宜宾,2022-12-01,1936,668,1268
宜宾,2022-12-02,1857,574,1283
宜宾,2022-12-03,1572,319,1253
宜宾,2022-12-04,1683,355,1328
宜宾,2022-12-05,2050,726,1324
宜宾,2022-12-06,2160,701,1459
宜宾,2022-12-07,2039,692,1347
宜宾,2022-12-08,1970,631,1339
宜宾,2022-12-09,1875,554,1321
宜宾,2022-12-10,1497,298,1199
宜宾,2022-12-11,1489,239,1250
宜宾,2022-12-12,1862,582,1280
宜宾,2022-12-13,1962,594,1368
宜宾,2022-12-14,1935,549,1386
宜宾,2022-12-15,1593,471,1122
宜宾,2022-12-16,1599,433,1166
宜宾,2022-12-17,1336,229,1107
宜宾,2022-12-18,1316,242,1074
宜宾,2022-12-19,1490,430,1060
宜宾,2022-12-20,1406,392,1014
宜宾,2022-12-21,1460,433,1027
宜宾,2022-12-22,1442,445,997
宜宾,2022-12-23,1492,430,1062
宜宾,2022-12-24,1246,234,1012
宜宾,2022-12-25,1292,236,1056
宜宾,2022-12-26,1653,502,1151
宜宾,2022-12-27,1863,574,1289
宜宾,2022-12-28,1886,571,1315
宜宾,2022-12-29,1822,551,1271
宜宾,2022-12-30,1880,490,1390
宜宾,2022-12-31,1490,240,1250
宜宾,2023-01-01,1598,202,1396
宜宾,2023-01-02,1795,273,1522
宜宾,2023-01-03,2229,707,1522
宜宾,2023-01-04,2196,658,1538
宜宾,2023-01-05,2319,633,1686
宜宾,2023-01-06,2290,675,1615
宜宾,2023-01-07,1866,279,1587
宜宾,2023-01-08,1936,267,1669
宜宾,2023-01-09,2489,732,1757
宜宾,2023-01-10,2308,613,1695
宜宾,2023-01-11,2382,661,1721
宜宾,2023-01-12,2364,622,1742
宜宾,2023-01-13,2259,516,1743
宜宾,2023-01-14,2065,288,1777
宜宾,2023-01-15,2158,276,1882
宜宾,2023-01-16,2324,557,1767
宜宾,2023-01-17,2317,530,1787
宜宾,2023-01-18,2320,414,1906
宜宾,2023-01-19,2461,402,2059
宜宾,2023-01-20,2115,250,1865
宜宾,2023-01-21,2130,175,1955
宜宾,2023-01-22,2305,180,2125
宜宾,2023-01-23,2598,152,2446
宜宾,2023-01-24,2587,179,2408
宜宾,2023-01-25,2732,188,2544
宜宾,2023-01-26,2757,175,2582
宜宾,2023-01-27,2472,197,2275
宜宾,2023-01-28,2527,417,2110
宜宾,2023-01-29,2624,563,2061
宜宾,2023-01-30,2729,704,2025
宜宾,2023-01-31,2531,662,1869
宜宾,2023-02-01,2601,628,1973
宜宾,2023-02-02,2580,687,1893
宜宾,2023-02-03,2519,664,1855
宜宾,2023-02-04,2155,323,1832
宜宾,2023-02-05,2173,228,1945
宜宾,2023-02-06,2670,720,1950
宜宾,2023-02-07,2607,720,1887
宜宾,2023-02-08,2730,737,1993
宜宾,2023-02-09,2518,665,1853
宜宾,2023-02-10,2571,662,1909
宜宾,2023-02-11,2094,287,1807
宜宾,2023-02-12,2097,282,1815
宜宾,2023-02-13,2556,747,1809
宜宾,2023-02-14,2464,658,1806
宜宾,2023-02-15,2515,642,1873
宜宾,2023-02-16,2625,746,1879
宜宾,2023-02-17,2426,609,1817
宜宾,2023-02-18,2092,305,1787
宜宾,2023-02-19,2062,251,1811
宜宾,2023-02-20,2485,761,1724
宜宾,2023-02-21,2542,769,1773
宜宾,2023-02-22,2648,741,1907
宜宾,2023-02-23,2790,782,2008
宜宾,2023-02-24,2812,794,2018
宜宾,2023-02-25,2123,318,1805
宜宾,2023-02-26,2456,417,2039
宜宾,2023-02-27,3159,871,2288
宜宾,2023-02-28,2977,848,2129
宜宾,2023-03-01,2758,833,1925
宜宾,2023-03-02,2672,794,1878
宜宾,2023-03-03,2641,716,1925
宜宾,2023-03-04,2228,338,1890
宜宾,2023-03-05,2068,281,1787
宜宾,2023-03-06,2558,752,1806
宜宾,2023-03-07,2583,718,1865
宜宾,2023-03-08,2384,628,1756
宜宾,2023-03-09,2508,673,1835
宜宾,2023-03-10,2568,723,1845
宜宾,2023-03-11,2143,357,1786
宜宾,2023-03-12,2076,295,1781
宜宾,2023-03-13,2521,710,1811
宜宾,2023-03-14,2314,645,1669
宜宾,2023-03-15,2406,665,1741
宜宾,2023-03-16,2318,602,1716
宜宾,2023-03-17,2428,637,1791
宜宾,2023-03-18,2104,341,1763
宜宾,2023-03-19,2143,298,1845
宜宾,2023-03-20,2510,792,1718
宜宾,2023-03-21,2596,749,1847
宜宾,2023-03-22,2575,723,1852
宜宾,2023-03-23,2564,747,1817
宜宾,2023-03-24,2312,665,1647
宜宾,2023-03-25,2020,332,1688
宜宾,2023-03-26,1989,296,1693
宜宾,2023-03-27,2686,837,1849
宜宾,2023-03-28,2449,761,1688
宜宾,2023-03-29,2489,741,1748
宜宾,2023-03-30,2521,721,1800
宜宾,2023-03-31,2500,650,1850
宜宾,2023-04-01,2071,340,1731
宜宾,2023-04-02,2058,299,1759
宜宾,2023-04-03,2578,783,1795
宜宾,2023-04-04,2566,667,1899
宜宾,2023-04-05,2149,366,1783
宜宾,2023-04-06,2683,845,1838
宜宾,2023-04-07,2586,687,1899
宜宾,2023-04-08,2209,319,1890
宜宾,2023-04-09,2120,301,1819
宜宾,2023-04-10,2796,836,1960
宜宾,2023-04-11,2617,720,1897
宜宾,2023-04-12,2740,810,1930
宜宾,2023-04-13,2785,844,1941
宜宾,2023-04-14,2623,791,1832
宜宾,2023-04-15,2234,371,1863
宜宾,2023-04-16,2185,350,1835
宜宾,2023-04-17,2675,844,1831
宜宾,2023-04-18,2615,808,1807
宜宾,2023-04-19,2595,822,1773
宜宾,2023-04-20,2589,769,1820
宜宾,2023-04-21,2637,768,1869
宜宾,2023-04-22,2063,296,1767
宜宾,2023-04-23,2648,783,1865
宜宾,2023-04-24,2686,802,1884
宜宾,2023-04-25,2698,825,1873
宜宾,2023-04-26,2619,780,1839
宜宾,2023-04-27,2623,744,1879
宜宾,2023-04-28,2797,634,2163
宜宾,2023-04-29,2732,213,2519
宜宾,2023-04-30,2615,228,2387
宜宾,2023-05-01,2363,179,2184
宜宾,2023-05-02,2227,207,2020
宜宾,2023-05-03,4265,506,3759
宜宾,2023-05-04,4250,912,3338
宜宾,2023-05-05,2844,732,2112
宜宾,2023-05-06,2478,634,1844
宜宾,2023-05-07,2061,304,1757
宜宾,2023-05-08,2525,730,1795
宜宾,2023-05-09,2391,704,1687
宜宾,2023-05-10,2479,698,1781
宜宾,2023-05-11,2518,732,1786
宜宾,2023-05-12,2247,710,1537
宜宾,2023-05-13,2025,327,1698
宜宾,2023-05-14,1819,278,1541
宜宾,2023-05-15,2374,716,1658
宜宾,2023-05-16,2339,732,1607
宜宾,2023-05-17,2432,698,1734
宜宾,2023-05-18,2370,654,1716
宜宾,2023-05-19,2388,658,1730
宜宾,2023-05-20,1845,288,1557
宜宾,2023-05-21,1801,218,1583
宜宾,2023-05-22,3104,479,2625
宜宾,2023-05-23,2339,412,1927
宜宾,2023-05-24,2761,813,1948
宜宾,2023-05-25,2753,761,1992
宜宾,2023-05-26,2596,727,1869
宜宾,2023-05-27,2016,307,1709
宜宾,2023-05-28,2451,313,2138
宜宾,2023-05-29,2559,779,1780
宜宾,2023-05-30,2481,779,1702
宜宾,2023-05-31,2436,737,1699
宜宾,2023-06-01,2381,737,1644
宜宾,2023-06-02,2336,639,1697
宜宾,2023-06-03,2132,367,1765
宜宾,2023-06-04,2046,307,1739
宜宾,2023-06-05,2628,743,1885
宜宾,2023-06-06,2567,768,1799
宜宾,2023-06-07,2746,843,1903
宜宾,2023-06-08,2895,855,2040
宜宾,2023-06-09,3240,868,2372
宜宾,2023-06-10,2572,369,2203
宜宾,2023-06-11,2434,350,2084
宜宾,2023-06-12,2923,855,2068
宜宾,2023-06-13,2688,737,1951
宜宾,2023-06-14,2763,831,1932
宜宾,2023-06-15,2836,816,2020
宜宾,2023-06-16,2584,648,1936
宜宾,2023-06-17,2225,340,1885
宜宾,2023-06-18,2141,315,1826
宜宾,2023-06-19,2824,791,2033
宜宾,2023-06-20,2864,848,2016
宜宾,2023-06-21,2665,706,1959
宜宾,2023-06-22,2418,239,2179
宜宾,2023-06-23,2473,270,2203
宜宾,2023-06-24,3251,341,2910
宜宾,2023-06-25,3959,825,3134
宜宾,2023-06-26,3640,833,2807
宜宾,2023-06-27,3418,785,2633
宜宾,2023-06-28,3603,851,2752
宜宾,2023-06-29,3361,830,2531
宜宾,2023-06-30,2942,789,2153
宜宾,2023-07-01,2524,399,2125
宜宾,2023-07-02,2385,316,2069
宜宾,2023-07-03,2801,769,2032
宜宾,2023-07-04,2719,740,1979
宜宾,2023-07-05,2746,760,1986
宜宾,2023-07-06,2746,782,1964
宜宾,2023-07-07,2603,690,1913
宜宾,2023-07-08,2361,332,2029
宜宾,2023-07-09,2349,329,2020
宜宾,2023-07-10,2767,852,1915
宜宾,2023-07-11,3036,844,2192
宜宾,2023-07-12,2777,808,1969
宜宾,2023-07-13,2641,730,1911
宜宾,2023-07-14,2662,727,1935
宜宾,2023-07-15,2259,394,1865
宜宾,2023-07-16,2167,302,1865
宜宾,2023-07-17,2609,758,1851
宜宾,2023-07-18,2631,760,1871
宜宾,2023-07-19,2686,724,1962
宜宾,2023-07-20,2714,752,1962
宜宾,2023-07-21,2806,738,2068
宜宾,2023-07-22,2346,343,2003
宜宾,2023-07-23,2288,298,1990
宜宾,2023-07-24,2891,830,2061
宜宾,2023-07-25,2699,718,1981
宜宾,2023-07-26,2730,768,1962
宜宾,2023-07-27,2917,799,2118
宜宾,2023-07-28,2953,846,2107
宜宾,2023-07-29,2346,372,1974
宜宾,2023-07-30,2211,327,1884
宜宾,2023-07-31,2722,813,1909
宜宾,2023-08-01,2852,808,2044
宜宾,2023-08-02,3119,819,2300
宜宾,2023-08-03,3041,765,2276
宜宾,2023-08-04,2748,654,2094
宜宾,2023-08-05,2317,326,1991
宜宾,2023-08-06,2286,278,2008
宜宾,2023-08-07,2738,760,1978
宜宾,2023-08-08,2760,794,1966
宜宾,2023-08-09,3080,844,2236
宜宾,2023-08-10,2776,741,2035
宜宾,2023-08-11,2562,667,1895
宜宾,2023-08-12,2379,352,2027
宜宾,2023-08-13,2683,385,2298
宜宾,2023-08-14,2936,850,2086
宜宾,2023-08-15,2951,814,2137
宜宾,2023-08-16,3315,846,2469
宜宾,2023-08-17,3182,830,2352
宜宾,2023-08-18,2856,687,2169
宜宾,2023-08-19,2406,366,2040
宜宾,2023-08-20,3579,367,3212
宜宾,2023-08-21,3556,803,2753
宜宾,2023-08-22,3072,822,2250
宜宾,2023-08-23,2976,887,2089
宜宾,2023-08-24,2672,741,1931
宜宾,2023-08-25,2658,735,1923
宜宾,2023-08-26,3861,333,3528
宜宾,2023-08-27,2801,355,2446
宜宾,2023-08-28,2994,741,2253
宜宾,2023-08-29,2524,710,1814
宜宾,2023-08-30,2364,661,1703
宜宾,2023-08-31,2473,749,1724
宜宾,2023-09-01,2490,682,1808
宜宾,2023-09-02,2088,369,1719
宜宾,2023-09-03,2049,319,1730
宜宾,2023-09-04,2530,751,1779
宜宾,2023-09-05,2664,805,1859
宜宾,2023-09-06,2650,740,1910
宜宾,2023-09-07,2786,817,1969
宜宾,2023-09-08,2493,681,1812
宜宾,2023-09-09,2173,389,1784
宜宾,2023-09-10,2043,335,1708
宜宾,2023-09-11,2763,850,1913
宜宾,2023-09-12,2737,738,1999
宜宾,2023-09-13,2731,771,1960
宜宾,2023-09-14,2778,849,1929
宜宾,2023-09-15,2793,785,2008
宜宾,2023-09-16,2491,402,2089
宜宾,2023-09-17,2389,371,2018
宜宾,2023-09-18,2991,865,2126
宜宾,2023-09-19,2927,852,2075
宜宾,2023-09-20,2753,825,1928
宜宾,2023-09-21,2720,788,1932
宜宾,2023-09-22,2746,763,1983
宜宾,2023-09-23,2383,456,1927
宜宾,2023-09-24,2256,397,1859
宜宾,2023-09-25,2803,810,1993
宜宾,2023-09-26,3129,864,2265
宜宾,2023-09-27,3060,847,2213
宜宾,2023-09-28,3279,796,2483
宜宾,2023-09-29,68294,947,67347
宜宾,2023-09-30,10481,509,9972
宜宾,2023-10-01,5597,323,5274
宜宾,2023-10-02,4266,341,3925
宜宾,2023-10-03,3542,335,3207
宜宾,2023-10-04,3979,422,3557
宜宾,2023-10-05,3254,349,2905
宜宾,2023-10-06,2918,439,2479
宜宾,2023-10-07,3034,851,2183
宜宾,2023-10-08,2827,777,2050
宜宾,2023-10-09,2731,792,1939
宜宾,2023-10-10,2713,783,1930
宜宾,2023-10-11,2693,744,1949
宜宾,2023-10-12,2766,848,1918
宜宾,2023-10-13,2833,740,2093
宜宾,2023-10-14,2202,366,1836
宜宾,2023-10-15,2091,305,1786
宜宾,2023-10-16,2474,765,1709
宜宾,2023-10-17,2355,734,1621
宜宾,2023-10-18,2352,633,1719
宜宾,2023-10-19,2385,754,1631
宜宾,2023-10-20,2089,583,1506
宜宾,2023-10-21,1896,318,1578
宜宾,2023-10-22,1871,279,1592
宜宾,2023-10-23,2213,715,1498
宜宾,2023-10-24,2216,718,1498
宜宾,2023-10-25,2382,841,1541
宜宾,2023-10-26,2065,676,1389
宜宾,2023-10-27,2189,636,1553
宜宾,2023-10-28,1959,284,1675
宜宾,2023-10-29,1688,274,1414
宜宾,2023-10-30,1985,734,1251
宜宾,2023-10-31,2029,720,1309
宜宾,2023-11-01,2458,720,1738
宜宾,2023-11-02,1895,627,1268
宜宾,2023-11-03,2098,564,1534
宜宾,2023-11-04,1747,329,1418
宜宾,2023-11-05,1525,247,1278
宜宾,2023-11-06,1982,667,1315
宜宾,2023-11-07,2040,695,1345
宜宾,2023-11-08,2103,631,1472
宜宾,2023-11-09,2116,667,1449
宜宾,2023-11-10,2220,631,1589
宜宾,2023-11-11,1634,310,1324
宜宾,2023-11-12,1552,233,1319
宜宾,2023-11-13,2213,651,1562
宜宾,2023-11-14,2303,706,1597
宜宾,2023-11-15,2239,704,1535
宜宾,2023-11-16,1926,628,1298
宜宾,2023-11-17,2128,616,1512
宜宾,2023-11-18,1730,302,1428
宜宾,2023-11-19,1940,273,1667
宜宾,2023-11-20,2326,724,1602
宜宾,2023-11-21,2189,661,1528
宜宾,2023-11-22,2201,676,1525
宜宾,2023-11-23,2061,651,1410
宜宾,2023-11-24,2193,640,1553
宜宾,2023-11-25,1809,296,1513
宜宾,2023-11-26,1725,265,1460
宜宾,2023-11-27,2029,678,1351
宜宾,2023-11-28,2055,718,1337
宜宾,2023-11-29,2048,658,1390
宜宾,2023-11-30,1876,639,1237
宜宾,2023-12-01,2367,653,1714
宜宾,2023-12-02,1655,262,1393
宜宾,2023-12-03,1840,271,1569
宜宾,2023-12-04,2092,737,1355
宜宾,2023-12-05,2084,689,1395
宜宾,2023-12-06,2358,760,1598
宜宾,2023-12-07,2061,707,1354
宜宾,2023-12-08,2215,730,1485
宜宾,2023-12-09,1666,341,1325
宜宾,2023-12-10,1677,278,1399
宜宾,2023-12-11,1762,763,999
宜宾,2023-12-12,1822,834,988
宜宾,2023-12-13,1893,670,1223
宜宾,2023-12-14,2121,738,1383
宜宾,2023-12-15,2022,614,1408
宜宾,2023-12-16,1595,304,1291
宜宾,2023-12-17,1447,257,1190
宜宾,2023-12-18,2222,712,1510
宜宾,2023-12-19,2200,721,1479
宜宾,2023-12-20,2523,727,1796
宜宾,2023-12-21,2312,718,1594
宜宾,2023-12-22,1986,551,1435
宜宾,2023-12-23,1725,327,1398
宜宾,2023-12-24,1597,257,1340
宜宾,2023-12-25,2168,729,1439
宜宾,2023-12-26,2742,859,1883
宜宾,2023-12-27,2413,841,1572
宜宾,2023-12-28,2175,645,1530
宜宾,2023-12-29,2169,575,1594
宜宾,2023-12-30,2048,270,1778
宜宾,2023-12-31,1811,220,1591
宜宾,2024-01-01,1712,248,1464
宜宾,2024-01-02,2081,752,1329
宜宾,2024-01-03,2087,696,1391
宜宾,2024-01-04,2282,696,1586
宜宾,2024-01-05,2340,640,1700
宜宾,2024-01-06,2032,361,1671
宜宾,2024-01-07,1985,259,1726
宜宾,2024-01-08,2476,786,1690
宜宾,2024-01-09,2123,670,1453
宜宾,2024-01-10,2264,692,1572
宜宾,2024-01-11,2056,693,1363
宜宾,2024-01-12,2086,633,1453
宜宾,2024-01-13,1939,330,1609
宜宾,2024-01-14,1854,301,1553
宜宾,2024-01-15,2418,839,1579
宜宾,2024-01-16,2483,710,1773
宜宾,2024-01-17,2490,737,1753
宜宾,2024-01-18,2368,656,1712
宜宾,2024-01-19,2262,613,1649
宜宾,2024-01-20,2088,367,1721
宜宾,2024-01-21,1918,278,1640
宜宾,2024-01-22,2355,775,1580
宜宾,2024-01-23,2400,743,1657
宜宾,2024-01-24,2430,746,1684
宜宾,2024-01-25,2401,661,1740
宜宾,2024-01-26,2318,575,1743
宜宾,2024-01-27,2035,304,1731
宜宾,2024-01-28,2008,251,1757
宜宾,2024-01-29,2173,681,1492
宜宾,2024-01-30,2346,622,1724
宜宾,2024-01-31,2232,602,1630
宜宾,2024-02-01,2162,563,1599
宜宾,2024-02-02,2255,546,1709
宜宾,2024-02-03,2123,298,1825
宜宾,2024-02-04,2483,572,1911
宜宾,2024-02-05,2393,557,1836
宜宾,2024-02-06,2297,488,1809
宜宾,2024-02-07,2219,372,1847
宜宾,2024-02-08,1955,273,1682
宜宾,2024-02-09,1995,186,1809
宜宾,2024-02-10,2331,202,2129
宜宾,2024-02-11,2977,207,2770
宜宾,2024-02-12,3008,183,2825
宜宾,2024-02-13,3130,182,2948
宜宾,2024-02-14,2991,231,2760
宜宾,2024-02-15,2844,231,2613
宜宾,2024-02-16,2611,240,2371
宜宾,2024-02-17,2561,240,2321
宜宾,2024-02-18,2677,676,2001
宜宾,2024-02-19,2606,662,1944
宜宾,2024-02-20,2577,658,1919
宜宾,2024-02-21,2549,685,1864
宜宾,2024-02-22,2585,716,1869
宜宾,2024-02-23,2319,625,1694
宜宾,2024-02-24,2180,279,1901
宜宾,2024-02-25,2027,295,1732
宜宾,2024-02-26,2450,706,1744
宜宾,2024-02-27,2368,712,1656
宜宾,2024-02-28,2288,720,1568
宜宾,2024-02-29,2348,724,1624
宜宾,2024-03-01,2198,611,1587
宜宾,2024-03-02,1749,318,1431
宜宾,2024-03-03,1607,236,1371
宜宾,2024-03-04,2251,740,1511
宜宾,2024-03-05,2159,606,1553
宜宾,2024-03-06,2075,704,1371
宜宾,2024-03-07,2187,746,1441
宜宾,2024-03-08,2085,609,1476
宜宾,2024-03-09,1647,257,1390
宜宾,2024-03-10,1794,299,1495
宜宾,2024-03-11,2296,732,1564
宜宾,2024-03-12,2228,715,1513
宜宾,2024-03-13,2198,681,1517
宜宾,2024-03-14,2405,760,1645
宜宾,2024-03-15,2663,834,1829
宜宾,2024-03-16,2316,515,1801
宜宾,2024-03-17,1949,327,1622
宜宾,2024-03-18,2437,840,1597
宜宾,2024-03-19,2347,777,1570
宜宾,2024-03-20,2229,709,1520
宜宾,2024-03-21,2338,774,1564
宜宾,2024-03-22,2038,665,1373
宜宾,2024-03-23,1840,363,1477
宜宾,2024-03-24,1729,299,1430
宜宾,2024-03-25,2086,743,1343
宜宾,2024-03-26,1997,651,1346
宜宾,2024-03-27,2155,682,1473
宜宾,2024-03-28,1926,644,1282
宜宾,2024-03-29,1873,577,1296
宜宾,2024-03-30,1649,278,1371
宜宾,2024-03-31,1583,281,1302
宜宾,2024-04-01,2206,782,1424
宜宾,2024-04-02,2160,768,1392
宜宾,2024-04-03,2266,656,1610
宜宾,2024-04-04,1921,250,1671
宜宾,2024-04-05,1905,226,1679
宜宾,2024-04-06,1641,256,1385
宜宾,2024-04-07,2335,740,1595
宜宾,2024-04-08,2209,774,1435
宜宾,2024-04-09,2132,751,1381
宜宾,2024-04-10,2342,689,1653
宜宾,2024-04-11,2018,737,1281
宜宾,2024-04-12,2142,684,1458
宜宾,2024-04-13,1669,281,1388
宜宾,2024-04-14,1563,288,1275
宜宾,2024-04-15,2205,800,1405
宜宾,2024-04-16,2870,860,2010
宜宾,2024-04-17,2502,780,1722
宜宾,2024-04-18,2234,631,1603
宜宾,2024-04-19,2213,654,1559
宜宾,2024-04-20,1834,319,1515
宜宾,2024-04-21,1740,278,1462
宜宾,2024-04-22,2029,690,1339
宜宾,2024-04-23,2037,715,1322
宜宾,2024-04-24,2053,684,1369
宜宾,2024-04-25,2137,692,1445
宜宾,2024-04-26,1927,599,1328
宜宾,2024-04-27,1684,271,1413
宜宾,2024-04-28,2388,823,1565
宜宾,2024-04-29,2015,743,1272
宜宾,2024-04-30,2613,771,1842
宜宾,2024-05-01,2632,271,2361
宜宾,2024-05-02,2578,290,2288
宜宾,2024-05-03,2342,254,2088
宜宾,2024-05-04,2214,285,1929
宜宾,2024-05-05,1900,262,1638
宜宾,2024-05-06,2436,833,1603
宜宾,2024-05-07,2316,780,1536
宜宾,2024-05-08,1702,667,1035
宜宾,2024-05-09,1861,617,1244
宜宾,2024-05-10,1825,656,1169
宜宾,2024-05-11,1918,633,1285
宜宾,2024-05-12,1485,248,1237
宜宾,2024-05-13,1869,651,1218
宜宾,2024-05-14,1911,650,1261
宜宾,2024-05-15,2018,667,1351
宜宾,2024-05-16,2059,703,1356
宜宾,2024-05-17,1878,617,1261
宜宾,2024-05-18,1631,250,1381
宜宾,2024-05-19,1546,265,1281
宜宾,2024-05-20,1809,665,1144
宜宾,2024-05-21,1790,623,1167
宜宾,2024-05-22,2072,751,1321
宜宾,2024-05-23,2093,701,1392
宜宾,2024-05-24,1962,623,1339
宜宾,2024-05-25,1630,278,1352
宜宾,2024-05-26,1653,305,1348
宜宾,2024-05-27,1983,696,1287
宜宾,2024-05-28,1928,695,1233
宜宾,2024-05-29,1876,673,1203
宜宾,2024-05-30,1800,582,1218
宜宾,2024-05-31,1786,634,1152
宜宾,2024-06-01,1345,278,1067
宜宾,2024-06-02,1572,257,1315
宜宾,2024-06-03,1892,737,1155
宜宾,2024-06-04,2113,772,1341
宜宾,2024-06-05,1825,670,1155
宜宾,2024-06-06,1974,692,1282
宜宾,2024-06-07,1861,569,1292
宜宾,2024-06-08,1704,236,1468
宜宾,2024-06-09,1581,207,1374
宜宾,2024-06-10,1654,212,1442
宜宾,2024-06-11,2100,754,1346
宜宾,2024-06-12,2081,667,1414
宜宾,2024-06-13,1904,636,1268
宜宾,2024-06-14,1850,552,1298
宜宾,2024-06-15,1607,271,1336
宜宾,2024-06-16,1430,220,1210
宜宾,2024-06-17,2000,625,1375
宜宾,2024-06-18,1878,608,1270
宜宾,2024-06-19,2020,543,1477
宜宾,2024-06-20,2123,622,1501
宜宾,2024-06-21,2132,623,1509
宜宾,2024-06-22,1696,265,1431
宜宾,2024-06-23,1634,260,1374
宜宾,2024-06-24,2961,741,2220
宜宾,2024-06-25,2367,656,1711
宜宾,2024-06-26,2564,628,1936
宜宾,2024-06-27,2506,627,1879
宜宾,2024-06-28,2293,613,1680
宜宾,2024-06-29,2221,298,1923
宜宾,2024-06-30,2038,279,1759
宜宾,2024-07-01,2331,602,1729
宜宾,2024-07-02,2198,611,1587
宜宾,2024-07-03,2266,665,1601
宜宾,2024-07-04,2111,588,1523
宜宾,2024-07-05,2201,585,1616
宜宾,2024-07-06,1820,237,1583
宜宾,2024-07-07,1802,264,1538
宜宾,2024-07-08,2151,684,1467
宜宾,2024-07-09,2035,547,1488
宜宾,2024-07-10,1970,527,1443
宜宾,2024-07-11,2098,606,1492
宜宾,2024-07-12,2056,555,1501
宜宾,2024-07-13,1803,270,1533
宜宾,2024-07-14,1954,341,1613
宜宾,2024-07-15,2583,777,1806
宜宾,2024-07-16,2253,631,1622
宜宾,2024-07-17,2257,656,1601
宜宾,2024-07-18,2423,616,1807
宜宾,2024-07-19,2382,628,1754
宜宾,2024-07-20,1961,239,1722
宜宾,2024-07-21,2815,265,2550
宜宾,2024-07-22,2731,692,2039
宜宾,2024-07-23,2459,658,1801
宜宾,2024-07-24,2412,676,1736
宜宾,2024-07-25,2136,620,1516
宜宾,2024-07-26,2272,591,1681
宜宾,2024-07-27,2155,290,1865
宜宾,2024-07-28,2259,209,2050
宜宾,2024-07-29,2667,637,2030
宜宾,2024-07-30,2306,620,1686
宜宾,2024-07-31,2287,603,1684
宜宾,2024-08-01,2371,578,1793
宜宾,2024-08-02,2309,547,1762
宜宾,2024-08-03,2022,293,1729
宜宾,2024-08-04,1938,216,1722
宜宾,2024-08-05,2279,543,1736
宜宾,2024-08-06,2182,546,1636
宜宾,2024-08-07,2304,558,1746
宜宾,2024-08-08,2223,574,1649
宜宾,2024-08-09,2335,551,1784
宜宾,2024-08-10,1775,247,1528
宜宾,2024-08-11,1702,216,1486
宜宾,2024-08-12,2204,642,1562
宜宾,2024-08-13,2281,661,1620
宜宾,2024-08-14,2070,591,1479
宜宾,2024-08-15,2199,597,1602
宜宾,2024-08-16,2244,546,1698
宜宾,2024-08-17,2085,250,1835
宜宾,2024-08-18,1863,245,1618
宜宾,2024-08-19,2358,654,1704
宜宾,2024-08-20,2223,622,1601
宜宾,2024-08-21,2156,578,1578
宜宾,2024-08-22,2125,614,1511
宜宾,2024-08-23,2218,572,1646
宜宾,2024-08-24,1925,279,1646
宜宾,2024-08-25,1782,262,1520
宜宾,2024-08-26,2155,611,1544
宜宾,2024-08-27,2112,625,1487
宜宾,2024-08-28,2213,597,1616
宜宾,2024-08-29,2376,603,1773
宜宾,2024-08-30,2112,532,1580
宜宾,2024-08-31,1866,250,1616
宜宾,2024-09-01,1788,247,1541
宜宾,2024-09-02,2253,786,1467
宜宾,2024-09-03,2088,679,1409
宜宾,2024-09-04,1937,568,1369
宜宾,2024-09-05,1959,572,1387
宜宾,2024-09-06,1940,533,1407
宜宾,2024-09-07,1596,231,1365
宜宾,2024-09-08,1623,236,1387
宜宾,2024-09-09,2007,609,1398
宜宾,2024-09-10,2268,797,1471
宜宾,2024-09-11,1957,619,1338
宜宾,2024-09-12,2038,644,1394
宜宾,2024-09-13,1979,594,1385
宜宾,2024-09-14,2051,552,1499
宜宾,2024-09-15,1786,202,1584
宜宾,2024-09-16,1706,207,1499
宜宾,2024-09-17,1879,202,1677
宜宾,2024-09-18,2278,763,1515
宜宾,2024-09-19,2121,679,1442
宜宾,2024-09-20,2167,665,1502
宜宾,2024-09-21,1734,312,1422
宜宾,2024-09-22,1675,259,1416
宜宾,2024-09-23,2244,740,1504
宜宾,2024-09-24,2089,637,1452
宜宾,2024-09-25,2165,620,1545
宜宾,2024-09-26,2332,681,1651
宜宾,2024-09-27,2248,571,1677
宜宾,2024-09-28,2129,301,1828
宜宾,2024-09-29,2934,769,2165
宜宾,2024-09-30,2743,659,2084
宜宾,2024-10-01,2607,213,2394
宜宾,2024-10-02,2691,216,2475
宜宾,2024-10-03,2692,247,2445
宜宾,2024-10-04,2514,229,2285
宜宾,2024-10-05,2495,247,2248
宜宾,2024-10-06,2371,327,2044
宜宾,2024-10-07,2049,316,1733
宜宾,2024-10-08,2279,682,1597
宜宾,2024-10-09,2139,639,1500
宜宾,2024-10-10,2976,840,2136
宜宾,2024-10-11,2230,599,1631
宜宾,2024-10-12,2061,588,1473
宜宾,2024-10-13,2150,248,1902
宜宾,2024-10-14,2722,823,1899
宜宾,2024-10-15,2623,788,1835
宜宾,2024-10-16,3993,908,3085
宜宾,2024-10-17,4411,905,3506
宜宾,2024-10-18,3679,810,2869
宜宾,2024-10-19,2453,315,2138
宜宾,2024-10-20,2002,291,1711
宜宾,2024-10-21,2464,718,1746
宜宾,2024-10-22,2379,741,1638
宜宾,2024-10-23,2507,670,1837
宜宾,2024-10-24,2324,642,1682
宜宾,2024-10-25,2227,546,1681
宜宾,2024-10-26,1853,298,1555
宜宾,2024-10-27,1787,278,1509
宜宾,2024-10-28,2280,727,1553
宜宾,2024-10-29,2177,650,1527
宜宾,2024-10-30,2091,647,1444
宜宾,2024-10-31,2121,622,1499
宜宾,2024-11-01,2021,535,1486
宜宾,2024-11-02,1789,253,1536
宜宾,2024-11-03,1741,240,1501
宜宾,2024-11-04,2209,735,1474
宜宾,2024-11-05,2223,606,1617
宜宾,2024-11-06,2266,642,1624
宜宾,2024-11-07,2015,554,1461
宜宾,2024-11-08,1995,512,1483
宜宾,2024-11-09,1622,245,1377
宜宾,2024-11-10,1667,222,1445
宜宾,2024-11-11,2059,633,1426
宜宾,2024-11-12,2023,600,1423
宜宾,2024-11-13,2237,595,1642
宜宾,2024-11-14,2193,592,1601
宜宾,2024-11-15,1986,541,1445
宜宾,2024-11-16,1594,268,1326
宜宾,2024-11-17,1948,310,1638
宜宾,2024-11-18,2126,720,1406
宜宾,2024-11-19,1936,639,1297
宜宾,2024-11-20,1873,586,1287
宜宾,2024-11-21,1808,551,1257
宜宾,2024-11-22,1762,501,1261
宜宾,2024-11-23,1597,260,1337
宜宾,2024-11-24,1432,236,1196
宜宾,2024-11-25,1958,630,1328
宜宾,2024-11-26,1873,561,1312
宜宾,2024-11-27,1821,532,1289
宜宾,2024-11-28,1861,605,1256
宜宾,2024-11-29,1835,538,1297
宜宾,2024-11-30,1528,243,1285
宜宾,2024-12-01,1473,213,1260
宜宾,2024-12-02,2009,695,1314
宜宾,2024-12-03,2006,656,1350
宜宾,2024-12-04,1882,549,1333
宜宾,2024-12-05,1905,549,1356
宜宾,2024-12-06,1846,509,1337
宜宾,2024-12-07,1651,267,1384
宜宾,2024-12-08,1451,229,1222
宜宾,2024-12-09,1888,544,1344
宜宾,2024-12-10,1850,594,1256
宜宾,2024-12-11,1901,543,1358
宜宾,2024-12-12,1906,524,1382
宜宾,2024-12-13,1718,487,1231
宜宾,2024-12-14,1434,264,1170
宜宾,2024-12-15,1381,216,1165
宜宾,2024-12-16,1758,594,1164
宜宾,2024-12-17,1890,592,1298
宜宾,2024-12-18,1870,572,1298
宜宾,2024-12-19,1711,485,1226
宜宾,2024-12-20,1691,473,1218
宜宾,2024-12-21,1513,248,1265
宜宾,2024-12-22,1540,222,1318
宜宾,2024-12-23,1876,582,1294
宜宾,2024-12-24,1830,608,1222
宜宾,2024-12-25,1724,506,1218
宜宾,2024-12-26,1722,478,1244
宜宾,2024-12-27,1719,445,1274
宜宾,2024-12-28,2886,240,2646
宜宾,2024-12-29,1652,243,1409
宜宾,2024-12-30,1735,501,1234
宜宾,2024-12-31,1614,440,1174
宜宾,2025-01-01,1314,204,1110
宜宾,2025-01-02,1698,492,1206
宜宾,2025-01-03,1669,478,1191
宜宾,2025-01-04,2444,257,2187
宜宾,2025-01-05,1431,213,1218
宜宾,2025-01-06,1729,473,1256
宜宾,2025-01-07,1765,532,1233
宜宾,2025-01-08,1757,510,1247
宜宾,2025-01-09,1923,482,1441
宜宾,2025-01-10,1954,549,1405
宜宾,2025-01-11,1579,240,1339
宜宾,2025-01-12,2137,234,1903
宜宾,2025-01-13,2095,600,1495
宜宾,2025-01-14,1894,515,1379
宜宾,2025-01-15,1838,490,1348
宜宾,2025-01-16,1894,504,1390
宜宾,2025-01-17,1805,490,1315
宜宾,2025-01-18,1586,250,1336
宜宾,2025-01-19,1657,254,1403
宜宾,2025-01-20,1917,510,1407
宜宾,2025-01-21,1910,507,1403
宜宾,2025-01-22,2008,509,1499
宜宾,2025-01-23,1919,428,1491
宜宾,2025-01-24,1864,385,1479
宜宾,2025-01-25,1940,212,1728
宜宾,2025-01-26,2314,279,2035
宜宾,2025-01-27,2125,216,1909
宜宾,2025-01-28,1754,151,1603
宜宾,2025-01-29,2118,144,1974
宜宾,2025-01-30,2308,157,2151
宜宾,2025-01-31,2631,159,2472
宜宾,2025-02-01,2431,139,2292
宜宾,2025-02-02,2311,166,2145
宜宾,2025-02-03,2172,194,1978
宜宾,2025-02-04,2486,222,2264
宜宾,2025-02-05,2203,515,1688
宜宾,2025-02-06,2100,515,1585
宜宾,2025-02-07,2207,606,1601
宜宾,2025-02-08,7276,934,6342
宜宾,2025-02-09,7023,561,6462
宜宾,2025-02-10,4468,898,3570
宜宾,2025-02-11,2964,679,2285
宜宾,2025-02-12,2593,763,1830
宜宾,2025-02-13,2635,814,1821
宜宾,2025-02-14,2212,580,1632
宜宾,2025-02-15,2049,247,1802
宜宾,2025-02-16,1674,259,1415
宜宾,2025-02-17,1959,627,1332
宜宾,2025-02-18,2040,554,1486
宜宾,2025-02-19,1933,554,1379
宜宾,2025-02-20,1879,504,1375
宜宾,2025-02-21,1958,524,1434
宜宾,2025-02-22,1627,228,1399
宜宾,2025-02-23,1611,216,1395
宜宾,2025-02-24,1836,613,1223
宜宾,2025-02-25,1921,569,1352
宜宾,2025-02-26,1838,506,1332
宜宾,2025-02-27,1737,485,1252
宜宾,2025-02-28,1679,409,1270
宜宾,2025-03-01,1453,207,1246
宜宾,2025-03-02,1411,215,1196
宜宾,2025-03-03,1818,529,1289
宜宾,2025-03-04,1717,471,1246
宜宾,2025-03-05,1654,456,1198
宜宾,2025-03-06,1887,478,1409
宜宾,2025-03-07,1679,448,1231
宜宾,2025-03-08,1507,231,1276
宜宾,2025-03-09,1436,205,1231
宜宾,2025-03-10,1658,465,1193
宜宾,2025-03-11,1705,470,1235
宜宾,2025-03-12,1722,437,1285
宜宾,2025-03-13,1686,457,1229
宜宾,2025-03-14,1682,445,1237
宜宾,2025-03-15,1448,204,1244
宜宾,2025-03-16,1459,205,1254
宜宾,2025-03-17,1889,563,1326
宜宾,2025-03-18,1710,475,1235
宜宾,2025-03-19,1780,523,1257
宜宾,2025-03-20,1736,475,1261
宜宾,2025-03-21,1614,403,1211
宜宾,2025-03-22,1408,211,1197
宜宾,2025-03-23,1452,193,1259
宜宾,2025-03-24,1794,499,1295
宜宾,2025-03-25,1940,537,1403
宜宾,2025-03-26,1855,461,1394
宜宾,2025-03-27,1989,513,1476
宜宾,2025-03-28,1902,493,1409
宜宾,2025-03-29,1526,237,1289
宜宾,2025-03-30,1465,215,1250
宜宾,2025-03-31,1661,554,1107
宜宾,2025-04-01,1839,552,1287
宜宾,2025-04-02,1818,513,1305
宜宾,2025-04-03,1956,451,1505
宜宾,2025-04-04,1871,205,1666
宜宾,2025-04-05,1718,177,1541
宜宾,2025-04-06,1580,183,1397
宜宾,2025-04-07,2012,529,1483
宜宾,2025-04-08,1800,481,1319
宜宾,2025-04-09,1762,490,1272
宜宾,2025-04-10,1712,453,1259
宜宾,2025-04-11,1742,462,1280
宜宾,2025-04-12,1398,222,1176
宜宾,2025-04-13,1366,202,1164
宜宾,2025-04-14,1803,574,1229
宜宾,2025-04-15,1859,533,1326
宜宾,2025-04-16,1749,492,1257
宜宾,2025-04-17,1827,510,1317
宜宾,2025-04-18,1783,425,1358
宜宾,2025-04-19,1580,218,1362
宜宾,2025-04-20,1315,177,1138
宜宾,2025-04-21,1916,614,1302
宜宾,2025-04-22,1802,502,1300
宜宾,2025-04-23,1790,473,1317
宜宾,2025-04-24,1797,516,1281
宜宾,2025-04-25,1922,465,1457
宜宾,2025-04-26,1745,188,1557
宜宾,2025-04-27,2040,555,1485
宜宾,2025-04-28,2016,535,1481
宜宾,2025-04-29,2078,554,1524
宜宾,2025-04-30,2367,532,1835
宜宾,2025-05-01,2388,200,2188
宜宾,2025-05-02,2097,176,1921
宜宾,2025-05-03,1871,180,1691
宜宾,2025-05-04,1774,197,1577
宜宾,2025-05-05,1571,234,1337
宜宾,2025-05-06,2047,648,1399
宜宾,2025-05-07,1950,537,1413
宜宾,2025-05-08,1729,493,1236
宜宾,2025-05-09,1719,457,1262
宜宾,2025-05-10,1356,204,1152
宜宾,2025-05-11,1397,197,1200
宜宾,2025-05-12,1708,470,1238
宜宾,2025-05-13,1717,527,1190
宜宾,2025-05-14,1621,445,1176
宜宾,2025-05-15,1596,430,1166
宜宾,2025-05-16,1609,426,1183
宜宾,2025-05-17,1381,225,1156
宜宾,2025-05-18,1416,198,1218
宜宾,2025-05-19,1643,499,1144
宜宾,2025-05-20,1581,501,1080
宜宾,2025-05-21,1639,448,1191
宜宾,2025-05-22,3505,800,2705
宜宾,2025-05-23,4963,971,3992
宜宾,2025-05-24,2259,299,1960
宜宾,2025-05-25,1618,231,1387
宜宾,2025-05-26,1936,582,1354
宜宾,2025-05-27,1747,509,1238
宜宾,2025-05-28,1906,623,1283
宜宾,2025-05-29,1910,597,1313
宜宾,2025-05-30,1653,453,1200
宜宾,2025-05-31,1622,158,1464
宜宾,2025-06-01,1548,187,1361
宜宾,2025-06-02,1404,212,1192
宜宾,2025-06-03,1697,504,1193
宜宾,2025-06-04,1764,488,1276
宜宾,2025-06-05,1727,479,1248
宜宾,2025-06-06,1551,385,1166
宜宾,2025-06-07,1477,197,1280
宜宾,2025-06-08,1268,191,1077
宜宾,2025-06-09,1863,557,1306
宜宾,2025-06-10,1704,482,1222
宜宾,2025-06-11,1732,484,1248
宜宾,2025-06-12,1744,535,1209
宜宾,2025-06-13,1646,419,1227
宜宾,2025-06-14,1378,198,1180
宜宾,2025-06-15,2260,274,1986
宜宾,2025-06-16,2320,557,1763
宜宾,2025-06-17,1924,475,1449
宜宾,2025-06-18,1819,448,1371
宜宾,2025-06-19,1762,484,1278
宜宾,2025-06-20,1681,492,1189
宜宾,2025-06-21,1433,213,1220
宜宾,2025-06-22,1420,193,1227
宜宾,2025-06-23,1932,419,1513
宜宾,2025-06-24,1829,464,1365
宜宾,2025-06-25,2410,625,1785
宜宾,2025-06-26,2180,484,1696
宜宾,2025-06-27,2103,470,1633
宜宾,2025-06-28,1863,236,1627
宜宾,2025-06-29,1761,200,1561
宜宾,2025-06-30,2002,436,1566
宜宾,2025-07-01,2017,495,1522
宜宾,2025-07-02,1944,492,1452
宜宾,2025-07-03,1808,443,1365
宜宾,2025-07-04,1704,440,1264
宜宾,2025-07-05,1532,197,1335
宜宾,2025-07-06,1351,191,1160
宜宾,2025-07-07,1591,417,1174
宜宾,2025-07-08,1548,426,1122
宜宾,2025-07-09,1612,420,1192
宜宾,2025-07-10,1633,385,1248
宜宾,2025-07-11,1614,355,1259
宜宾,2025-07-12,1484,207,1277
宜宾,2025-07-13,1307,165,1142
宜宾,2025-07-14,1685,485,1200
宜宾,2025-07-15,1600,425,1175
宜宾,2025-07-16,1581,388,1193
宜宾,2025-07-17,1623,372,1251
宜宾,2025-07-18,1636,340,1296
宜宾,2025-07-19,1646,165,1481
宜宾,2025-07-20,1609,179,1430
宜宾,2025-07-21,2052,468,1584
宜宾,2025-07-22,1574,490,1084
宜宾,2025-07-23,1839,428,1411
宜宾,2025-07-24,1853,431,1422
宜宾,2025-07-25,1756,354,1402
宜宾,2025-07-26,1633,207,1426
宜宾,2025-07-27,1607,170,1437
宜宾,2025-07-28,1807,412,1395
宜宾,2025-07-29,1874,406,1468
宜宾,2025-07-30,1624,408,1216
宜宾,2025-07-31,1885,408,1477
宜宾,2025-08-01,1717,341,1376
宜宾,2025-08-02,1485,175,1310
宜宾,2025-08-03,1463,154,1309
宜宾,2025-08-04,1712,433,1279
宜宾,2025-08-05,1655,378,1277
宜宾,2025-08-06,1701,414,1287
宜宾,2025-08-07,1618,389,1229
宜宾,2025-08-08,1593,369,1224
宜宾,2025-08-09,1507,170,1337
宜宾,2025-08-10,1480,184,1296
宜宾,2025-08-11,1723,448,1275
宜宾,2025-08-12,1641,420,1221
宜宾,2025-08-13,1594,363,1231
宜宾,2025-08-14,1578,434,1144
宜宾,2025-08-15,1629,423,1206
宜宾,2025-08-16,1271,186,1085
宜宾,2025-08-17,1328,162,1166
宜宾,2025-08-18,1524,416,1108
宜宾,2025-08-19,1470,402,1068
宜宾,2025-08-20,1629,357,1272
宜宾,2025-08-21,1528,361,1167
宜宾,2025-08-22,1518,394,1124
宜宾,2025-08-23,1390,177,1213
宜宾,2025-08-24,1200,144,1056
宜宾,2025-08-25,1611,453,1158
宜宾,2025-08-26,1403,347,1056
宜宾,2025-08-27,1493,335,1158
宜宾,2025-08-28,1446,319,1127
宜宾,2025-08-29,1431,287,1144
宜宾,2025-08-30,1243,161,1082
宜宾,2025-08-31,1186,172,1014
宜宾,2025-09-01,1347,377,970
宜宾,2025-09-02,1350,336,1014
宜宾,2025-09-03,1263,284,979
宜宾,2025-09-04,1350,363,987
宜宾,2025-09-05,1469,360,1109
宜宾,2025-09-06,1306,190,1116
宜宾,2025-09-07,1207,154,1053
宜宾,2025-09-08,1678,426,1252
宜宾,2025-09-09,1959,476,1483
宜宾,2025-09-10,1808,406,1402
宜宾,2025-09-11,1784,372,1412
宜宾,2025-09-12,1358,358,1000
宜宾,2025-09-13,1436,190,1246
宜宾,2025-09-14,1293,169,1124
宜宾,2025-09-15,1738,451,1287
宜宾,2025-09-16,1627,414,1213
宜宾,2025-09-17,1637,406,1231
宜宾,2025-09-18,1575,377,1198
宜宾,2025-09-19,1596,316,1280
宜宾,2025-09-20,1433,165,1268
宜宾,2025-09-21,1375,168,1207
宜宾,2025-09-22,1727,434,1293
宜宾,2025-09-23,1709,364,1345
宜宾,2025-09-24,1529,361,1168
宜宾,2025-09-25,1705,369,1336
宜宾,2025-09-26,1773,380,1393
宜宾,2025-09-27,1454,176,1278
宜宾,2025-09-28,1778,358,1420
宜宾,2025-09-29,2007,372,1635
宜宾,2025-09-30,2111,332,1779
宜宾,2025-10-01,2105,165,1940
宜宾,2025-10-02,2107,165,1942
宜宾,2025-10-03,2027,150,1877
宜宾,2025-10-04,2198,161,2037
宜宾,2025-10-05,1980,157,1823
宜宾,2025-10-06,2035,161,1874
宜宾,2025-10-07,1815,208,1607
宜宾,2025-10-08,1713,204,1509
宜宾,2025-10-09,2002,461,1541
宜宾,2025-10-10,1657,335,1322
宜宾,2025-10-11,1650,316,1334
宜宾,2025-10-12,1521,176,1345
宜宾,2025-10-13,1627,378,1249
宜宾,2025-10-14,1570,332,1238
宜宾,2025-10-15,1774,330,1444
宜宾,2025-10-16,1609,355,1254
宜宾,2025-10-17,1568,315,1253
宜宾,2025-10-18,1362,177,1185
宜宾,2025-10-19,1283,159,1124
宜宾,2025-10-20,1388,323,1065
宜宾,2025-10-21,1501,347,1154
宜宾,2025-10-22,1429,357,1072
宜宾,2025-10-23,1422,319,1103
宜宾,2025-10-24,1408,313,1095
宜宾,2025-10-25,1165,161,1004
宜宾,2025-10-26,1130,140,990
宜宾,2025-10-27,1361,316,1045
宜宾,2025-10-28,1384,332,1052
宜宾,2025-10-29,1498,378,1120
宜宾,2025-10-30,1512,389,1123
宜宾,2025-10-31,1291,295,996
宜宾,2025-11-01,1154,182,972
宜宾,2025-11-02,1155,170,985
宜宾,2025-11-03,1377,383,994
宜宾,2025-11-04,1383,377,1006
宜宾,2025-11-05,1309,318,991
宜宾,2025-11-06,1345,366,979
宜宾,2025-11-07,1316,335,981
宜宾,2025-11-08,1241,180,1061
宜宾,2025-11-09,1136,148,988
宜宾,2025-11-10,1348,350,998
宜宾,2025-11-11,1363,371,992
宜宾,2025-11-12,1344,347,997
宜宾,2025-11-13,1374,340,1034
宜宾,2025-11-14,1403,357,1046
宜宾,2025-11-15,1153,161,992
宜宾,2025-11-16,1128,157,971
宜宾,2025-11-17,1297,327,970
宜宾,2025-11-18,1314,355,959
宜宾,2025-11-19,1291,319,972
宜宾,2025-11-20,1278,319,959
宜宾,2025-11-21,1299,324,975
宜宾,2025-11-22,1120,163,957
宜宾,2025-11-23,1089,133,956
宜宾,2025-11-24,1344,374,970
宜宾,2025-11-25,1278,323,955
宜宾,2025-11-26,1342,369,973
宜宾,2025-11-27,1298,352,946
宜宾,2025-11-28,1260,298,962
宜宾,2025-11-29,1113,159,954
宜宾,2025-11-30,1077,142,935
宜宾,2025-12-01,1366,394,972
宜宾,2025-12-02,1251,290,961
宜宾,2025-12-03,1268,323,945
宜宾,2025-12-04,1312,374,938
宜宾,2025-12-05,1241,293,948
宜宾,2025-12-06,1130,159,971
宜宾,2025-12-07,1084,135,949
宜宾,2025-12-08,1297,307,990
宜宾,2025-12-09,1356,344,1012
宜宾,2025-12-10,1287,304,983
宜宾,2025-12-11,1278,293,985
宜宾,2025-12-12,1422,346,1076
宜宾,2025-12-13,1135,162,973
宜宾,2025-12-14,1138,170,968
宜宾,2025-12-15,1295,347,948
宜宾,2025-12-16,1289,332,957
宜宾,2025-12-17,1241,305,936
宜宾,2025-12-18,1253,316,937
宜宾,2025-12-19,1189,254,935
宜宾,2025-12-20,1095,161,934
宜宾,2025-12-21,1051,144,907
宜宾,2025-12-22,1307,363,944
宜宾,2025-12-23,1222,278,944
宜宾,2025-12-24,1171,262,909
宜宾,2025-12-25,1177,278,899
宜宾,2025-12-26,1161,265,896
宜宾,2025-12-27,1049,157,892
宜宾,2025-12-28,3505,464,3041
宜宾,2025-12-29,2958,785,2173
宜宾,2025-12-30,1998,355,1643
宜宾,2025-12-31,1399,307,1092
宜宾,2026-01-01,1115,112,1003
宜宾,2026-01-02,1087,123,964
宜宾,2026-01-03,1082,146,936
宜宾,2026-01-04,1258,299,959
宜宾,2026-01-05,1261,323,938
宜宾,2026-01-06,1255,332,923
宜宾,2026-01-07,1240,319,921
宜宾,2026-01-08,1225,316,909
宜宾,2026-01-09,1268,340,928
宜宾,2026-01-10,1072,144,928
宜宾,2026-01-11,1076,146,930
宜宾,2026-01-12,1287,346,941
宜宾,2026-01-13,1236,305,931
宜宾,2026-01-14,1217,270,947
宜宾,2026-01-15,1239,290,949
宜宾,2026-01-16,1214,271,943
宜宾,2026-01-17,1148,162,986
宜宾,2026-01-18,1101,135,966
宜宾,2026-01-19,1263,296,967
宜宾,2026-01-20,1243,295,948
宜宾,2026-01-21,1237,279,958
宜宾,2026-01-22,1263,315,948
宜宾,2026-01-23,1238,271,967
宜宾,2026-01-24,1082,151,931
宜宾,2026-01-25,1078,144,934
宜宾,2026-01-26,1300,329,971
宜宾,2026-01-27,1249,274,975
宜宾,2026-01-28,1255,293,962
宜宾,2026-01-29,1230,274,956
宜宾,2026-01-30,1206,260,946
宜宾,2026-01-31,1136,158,978
宜宾,2026-02-01,1131,158,973
宜宾,2026-02-02,1256,276,980
宜宾,2026-02-03,1309,319,990
宜宾,2026-02-04,1703,403,1300
宜宾,2026-02-05,1700,385,1315
宜宾,2026-02-06,1804,564,1240
宜宾,2026-02-07,1436,207,1229
宜宾,2026-02-08,1281,150,1131
宜宾,2026-02-09,1374,327,1047
宜宾,2026-02-10,1284,262,1022
宜宾,2026-02-11,1326,282,1044
宜宾,2026-02-12,1383,267,1116
宜宾,2026-02-13,1306,202,1104
宜宾,2026-02-14,1230,142,1088
宜宾,2026-02-15,1704,162,1542
宜宾,2026-02-16,20761,459,20302
宜宾,2026-02-17,6062,225,5837
宜宾,2026-02-18,3542,172,3370
宜宾,2026-02-19,2959,162,2797
宜宾,2026-02-20,2696,144,2552
宜宾,2026-02-21,2269,135,2134
宜宾,2026-02-22,2094,150,1944
宜宾,2026-02-23,1794,157,1637
宜宾,2026-02-24,1839,381,1458
宜宾,2026-02-25,1704,389,1315
宜宾,2026-02-26,1598,343,1255
宜宾,2026-02-27,1603,347,1256
宜宾,2026-02-28,1681,355,1326
宜宾,2026-03-01,1271,139,1132
宜宾,2026-03-02,1360,324,1036
宜宾,2026-03-03,1935,301,1634
宜宾,2026-03-04,1322,324,998
宜宾,2026-03-05,1273,298,975
宜宾,2026-03-06,1190,220,970
宜宾,2026-03-07,1104,127,977
宜宾,2026-03-08,1097,151,946
宜宾,2026-03-09,1214,271,943
宜宾,2026-03-10,1191,251,940
宜宾,2026-03-11,1224,278,946
宜宾,2026-03-12,1241,307,934
宜宾,2026-03-13,1182,234,948
宜宾,2026-03-14,1058,154,904
宜宾,2026-03-15,1053,129,924
宜宾,2026-03-16,1165,268,897
宜宾,2026-03-17,1162,254,908
宜宾,2026-03-18,1160,231,929
宜宾,2026-03-19,1177,247,930
宜宾,2026-03-20,1262,284,978
宜宾,2026-03-21,1099,151,948
宜宾,2026-03-22,1059,131,928
宜宾,2026-03-23,1220,287,933
宜宾,2026-03-24,1198,274,924
宜宾,2026-03-25,1159,231,928
宜宾,2026-03-26,1263,323,940
宜宾,2026-03-27,1258,264,994
宜宾,2026-03-28,1105,139,966
宜宾,2026-03-29,1118,150,968
宜宾,2026-03-30,1304,313,991
宜宾,2026-03-31,1244,257,987
宜宾,2026-04-01,1237,274,963
宜宾,2026-04-02,1277,281,996
宜宾,2026-04-03,1324,288,1036
宜宾,2026-04-04,1242,120,1122
宜宾,2026-04-05,1152,123,1029
宜宾,2026-04-06,1116,139,977
宜宾,2026-04-07,1226,270,956
宜宾,2026-04-08,1205,287,918
宜宾,2026-04-09,1246,309,937
宜宾,2026-04-10,1216,270,946
宜宾,2026-04-11,1100,158,942
宜宾,2026-04-12,1076,140,936
宜宾,2026-04-13,1214,273,941
宜宾,2026-04-14,1219,287,932
宜宾,2026-04-15,1194,264,930
宜宾,2026-04-16,1237,281,956
宜宾,2026-04-17,1211,250,961
宜宾,2026-04-18,1090,144,946
宜宾,2026-04-19,1101,142,959
宜宾,2026-04-20,1250,302,948
宜宾,2026-04-21,1249,284,965
宜宾,2026-04-22,1200,231,969
宜宾,2026-04-23,1222,268,954
宜宾,2026-04-24,1180,229,951
宜宾,2026-04-25,1129,170,959
宜宾,2026-04-26,1102,151,951
宜宾,2026-04-27,1266,299,967
宜宾,2026-04-28,1269,318,951
宜宾,2026-04-29,1246,287,959
宜宾,2026-04-30,1322,279,1043
宜宾,2026-05-01,1321,118,1203
宜宾,2026-05-02,1356,146,1210
宜宾,2026-05-03,1177,121,1056
宜宾,2026-05-04,1088,116,972
宜宾,2026-05-05,1112,148,964
宜宾,2026-05-06,1261,312,949
宜宾,2026-05-07,1219,287,932
宜宾,2026-05-08,1211,287,924
宜宾,2026-05-09,1465,327,1138
宜宾,2026-05-10,1097,158,939
宜宾,2026-05-11,1215,259,956
宜宾,2026-05-12,1221,240,981
宜宾,2026-05-13,1372,279,1093
宜宾,2026-05-14,1126,215,911
宜宾,2026-05-15,1119,212,907
宜宾,2026-05-16,1014,118,896
宜宾,2026-05-17,1043,131,912
宜宾,2026-05-18,1122,248,874
宜宾,2026-05-19,1194,291,903
宜宾,2026-05-20,1128,254,874
宜宾,2026-05-21,1151,273,878
宜宾,2026-05-22,1151,256,895
宜宾,2026-05-23,1039,161,878
宜宾,2026-05-24,995,127,868
宜宾,2026-05-25,1129,242,887
宜宾,2026-05-26,1125,265,860
宜宾,2026-05-27,1109,253,856
宜宾,2026-05-28,1066,211,855
宜宾,2026-05-29,1108,240,868
宜宾,2026-05-30,1029,150,879
宜宾,2026-05-31,1011,139,872
宜宾,2026-06-01,1130,254,876
宜宾,2026-06-02,1099,228,871
宜宾,2026-06-03,1128,245,883
宜宾,2026-06-04,1062,187,875
宜宾,2026-06-05,1085,205,880
宜宾,2026-06-06,1042,127,915
宜宾,2026-06-07,985,106,879
宜宾,2026-06-08,1167,254,913
宜宾,2026-06-09,1119,225,894
宜宾,2026-06-10,1114,215,899
宜宾,2026-06-11,1105,215,890
宜宾,2026-06-12,1094,205,889
宜宾,2026-06-13,982,118,864
宜宾,2026-06-14,980,110,870
宜宾,2026-06-15,1096,207,889
宜宾,2026-06-16,1120,250,870
宜宾,2026-06-17,1170,219,951
宜宾,2026-06-18,1109,211,898
宜宾,2026-06-19,1024,83,941
宜宾,2026-06-20,1060,125,935
宜宾,2026-06-21,1052,120,932
宜宾,2026-06-22,1124,220,904
宜宾,2026-06-23,1159,216,943
宜宾,2026-06-24,1158,233,925
宜宾,2026-06-25,1177,220,957
宜宾,2026-06-26,1144,188,956
宜宾,2026-06-27,1063,127,936
宜宾,2026-06-28,1044,108,936
宜宾,2026-06-29,19219,1867,17352
宜宾,2026-06-30,1869,284,1585
宜宾,2026-07-01,1185,226,959
宜宾,2026-07-02,1911,253,1658
宜宾,2026-07-03,1135,204,931
宜宾,2026-07-04,1076,137,939
宜宾,2026-07-05,1056,139,917
宜宾,2026-07-06,1176,248,928
宜宾,2026-07-07,1150,229,921
宜宾,2026-07-08,3165,752,2413
宜宾,2026-07-09,2126,412,1714
宜宾,2026-07-10,1292,243,1049
宜宾,2026-07-11,1113,146,967
宜宾,2026-07-12,1041,129,912
宜宾,2026-07-13,1231,262,969
宜宾,2026-07-14,1142,208,934
宜宾,2026-07-15,1135,209,926
宜宾,2026-07-16,1109,201,908
宜宾,2026-07-17,1109,195,914
宜宾,2026-07-18,1029,135,894
宜宾,2026-07-19,1008,118,890
宜宾,2026-07-20,1126,218,908
宜宾,2026-07-21,1131,209,922
宜宾,2026-07-22,1094,193,901
宜宾,2026-07-23,1105,215,890
宜宾,2026-07-24,1085,186,899
宜宾,2026-07-25,1050,135,915
宜宾,2026-07-26,995,110,885
宜宾,2026-07-27,1214,243,971
宜宾,2026-07-28,1170,205,965
宜宾,2026-07-29,1122,195,927
宜宾,2026-07-30,1159,211,948
宜宾,2026-07-31,1127,186,941
宜宾,2026-08-01,1058,118,940
宜宾,2026-08-02,1079,106,973
宜宾,2026-08-03,2100,343,1757
宜宾,2026-08-04,1257,223,1034
宜宾,2026-08-05,1163,194,969
宜宾,2026-08-06,1149,198,951
宜宾,2026-08-07,1976,344,1632
宜宾,2026-08-08,1320,150,1170
宜宾,2026-08-09,1074,120,954
宜宾,2026-08-10,1177,229,948
宜宾,2026-08-11,1232,209,1023
宜宾,2026-08-12,1148,207,941
宜宾,2026-08-13,1104,186,918
宜宾,2026-08-14,1102,183,919
宜宾,2026-08-15,1017,112,905
宜宾,2026-08-16,1021,97,924
宜宾,2026-08-17,1167,219,948
宜宾,2026-08-18,1070,162,908
宜宾,2026-08-19,2117,265,1852
宜宾,2026-08-20,1472,222,1250
宜宾,2026-08-21,1294,182,1112
宜宾,2026-08-22,1051,87,964
宜宾,2026-08-23,1049,112,937
宜宾,2026-08-24,2516,430,2086
宜宾,2026-08-25,1211,237,974
宜宾,2026-08-26,1128,198,930
宜宾,2026-08-27,1154,197,957
宜宾,2026-08-28,1162,194,968
宜宾,2026-08-29,1000,110,890
宜宾,2026-08-30,965,85,880
宜宾,2026-08-31,1088,204,884
宜宾,2026-09-01,1093,208,885
宜宾,2026-09-02,1066,188,878
宜宾,2026-09-03,1119,209,910
宜宾,2026-09-04,1121,197,924
宜宾,2026-09-05,1047,129,918
宜宾,2026-09-06,974,99,875
宜宾,2026-09-07,1114,215,899
宜宾,2026-09-08,1086,202,884
宜宾,2026-09-09,1382,380,1002
宜宾,2026-09-10,1178,195,983
宜宾,2026-09-11,1121,191,930
宜宾,2026-09-12,1084,127,957
宜宾,2026-09-13,974,91,883
宜宾旅游,2022-01-01,87,0,87
宜宾旅游,2022-01-02,74,0,74
宜宾旅游,2022-01-03,135,59,76
宜宾旅游,2022-01-04,126,63,63
宜宾旅游,2022-01-05,71,0,71
宜宾旅游,2022-01-06,130,63,67
宜宾旅游,2022-01-07,127,61,66
宜宾旅游,2022-01-08,67,0,67
宜宾旅游,2022-01-09,128,61,67
宜宾旅游,2022-01-10,139,61,78
宜宾旅游,2022-01-11,129,63,66
宜宾旅游,2022-01-12,126,63,63
宜宾旅游,2022-01-13,132,59,73
宜宾旅游,2022-01-14,136,63,73
宜宾旅游,2022-01-15,124,59,65
宜宾旅游,2022-01-16,132,61,71
宜宾旅游,2022-01-17,135,64,71
宜宾旅游,2022-01-18,84,0,84
宜宾旅游,2022-01-19,149,78,71
宜宾旅游,2022-01-20,76,0,76
宜宾旅游,2022-01-21,131,61,70
宜宾旅游,2022-01-22,143,63,80
宜宾旅游,2022-01-23,143,59,84
宜宾旅游,2022-01-24,139,70,69
宜宾旅游,2022-01-25,128,59,69
宜宾旅游,2022-01-26,162,66,96
宜宾旅游,2022-01-27,143,59,84
宜宾旅游,2022-01-28,89,0,89
宜宾旅游,2022-01-29,155,66,89
宜宾旅游,2022-01-30,159,63,96
宜宾旅游,2022-01-31,150,66,84
宜宾旅游,2022-02-01,176,59,117
宜宾旅游,2022-02-02,121,0,121
宜宾旅游,2022-02-03,121,0,121
宜宾旅游,2022-02-04,211,59,152
宜宾旅游,2022-02-05,128,0,128
宜宾旅游,2022-02-06,86,0,86
宜宾旅游,2022-02-07,86,0,86
宜宾旅游,2022-02-08,128,59,69
宜宾旅游,2022-02-09,142,63,79
宜宾旅游,2022-02-10,84,0,84
宜宾旅游,2022-02-11,83,0,83
宜宾旅游,2022-02-12,158,59,99
宜宾旅游,2022-02-13,86,0,86
宜宾旅游,2022-02-14,135,61,74
宜宾旅游,2022-02-15,134,61,73
宜宾旅游,2022-02-16,133,63,70
宜宾旅游,2022-02-17,133,59,74
宜宾旅游,2022-02-18,132,63,69
宜宾旅游,2022-02-19,141,61,80
宜宾旅游,2022-02-20,135,64,71
宜宾旅游,2022-02-21,145,61,84
宜宾旅游,2022-02-22,131,61,70
宜宾旅游,2022-02-23,130,59,71
宜宾旅游,2022-02-24,131,64,67
宜宾旅游,2022-02-25,137,63,74
宜宾旅游,2022-02-26,126,59,67
宜宾旅游,2022-02-27,140,66,74
宜宾旅游,2022-02-28,143,64,79
宜宾旅游,2022-03-01,142,63,79
宜宾旅游,2022-03-02,147,61,86
宜宾旅游,2022-03-03,61,61,0
宜宾旅游,2022-03-04,130,64,66
宜宾旅游,2022-03-05,74,0,74
宜宾旅游,2022-03-06,131,61,70
宜宾旅游,2022-03-07,67,0,67
宜宾旅游,2022-03-08,132,61,71
宜宾旅游,2022-03-09,132,59,73
宜宾旅游,2022-03-10,142,64,78
宜宾旅游,2022-03-11,141,61,80
宜宾旅游,2022-03-12,61,0,61
宜宾旅游,2022-03-13,140,61,79
宜宾旅游,2022-03-14,132,59,73
宜宾旅游,2022-03-15,139,66,73
宜宾旅游,2022-03-16,129,59,70
宜宾旅游,2022-03-17,129,63,66
宜宾旅游,2022-03-18,71,0,71
宜宾旅游,2022-03-19,63,0,63
宜宾旅游,2022-03-20,128,61,67
宜宾旅游,2022-03-21,128,59,69
宜宾旅游,2022-03-22,134,64,70
宜宾旅游,2022-03-23,129,63,66
宜宾旅游,2022-03-24,142,64,78
宜宾旅游,2022-03-25,138,64,74
宜宾旅游,2022-03-26,82,0,82
宜宾旅游,2022-03-27,138,59,79
宜宾旅游,2022-03-28,155,66,89
宜宾旅游,2022-03-29,161,64,97
宜宾旅游,2022-03-30,154,70,84
宜宾旅游,2022-03-31,154,68,86
宜宾旅游,2022-04-01,148,66,82
宜宾旅游,2022-04-02,159,70,89
宜宾旅游,2022-04-03,146,59,87
宜宾旅游,2022-04-04,76,0,76
宜宾旅游,2022-04-05,67,0,67
宜宾旅游,2022-04-06,126,59,67
宜宾旅游,2022-04-07,124,61,63
宜宾旅游,2022-04-08,135,61,74
宜宾旅游,2022-04-09,65,0,65
宜宾旅游,2022-04-10,128,59,69
宜宾旅游,2022-04-11,134,61,73
宜宾旅游,2022-04-12,126,63,63
宜宾旅游,2022-04-13,128,61,67
宜宾旅游,2022-04-14,61,0,61
宜宾旅游,2022-04-15,132,61,71
宜宾旅游,2022-04-16,134,63,71
宜宾旅游,2022-04-17,133,59,74
宜宾旅游,2022-04-18,132,63,69
宜宾旅游,2022-04-19,145,66,79
宜宾旅游,2022-04-20,145,72,73
宜宾旅游,2022-04-21,157,66,91
宜宾旅游,2022-04-22,145,63,82
宜宾旅游,2022-04-23,135,59,76
宜宾旅游,2022-04-24,139,63,76
宜宾旅游,2022-04-25,137,66,71
宜宾旅游,2022-04-26,154,61,93
宜宾旅游,2022-04-27,149,63,86
宜宾旅游,2022-04-28,159,63,96
宜宾旅游,2022-04-29,176,80,96
宜宾旅游,2022-04-30,92,0,92
宜宾旅游,2022-05-01,148,61,87
宜宾旅游,2022-05-02,100,0,100
宜宾旅游,2022-05-03,127,61,66
宜宾旅游,2022-05-04,76,0,76
宜宾旅游,2022-05-05,127,61,66
宜宾旅游,2022-05-06,128,59,69
宜宾旅游,2022-05-07,70,0,70
宜宾旅游,2022-05-08,71,0,71
宜宾旅游,2022-05-09,120,59,61
宜宾旅游,2022-05-10,128,63,65
宜宾旅游,2022-05-11,69,0,69
宜宾旅游,2022-05-12,124,59,65
宜宾旅游,2022-05-13,126,61,65
宜宾旅游,2022-05-14,74,0,74
宜宾旅游,2022-05-15,125,59,66
宜宾旅游,2022-05-16,132,63,69
宜宾旅游,2022-05-17,140,64,76
宜宾旅游,2022-05-18,124,59,65
宜宾旅游,2022-05-19,144,64,80
宜宾旅游,2022-05-20,131,61,70
宜宾旅游,2022-05-21,61,0,61
宜宾旅游,2022-05-22,71,0,71
宜宾旅游,2022-05-23,133,64,69
宜宾旅游,2022-05-24,137,64,73
宜宾旅游,2022-05-25,74,0,74
宜宾旅游,2022-05-26,129,59,70
宜宾旅游,2022-05-27,130,63,67
宜宾旅游,2022-05-28,137,63,74
宜宾旅游,2022-05-29,134,63,71
宜宾旅游,2022-05-30,150,66,84
宜宾旅游,2022-05-31,140,61,79
宜宾旅游,2022-06-01,79,0,79
宜宾旅游,2022-06-02,159,70,89
宜宾旅游,2022-06-03,97,0,97
宜宾旅游,2022-06-04,143,63,80
宜宾旅游,2022-06-05,76,0,76
宜宾旅游,2022-06-06,128,59,69
宜宾旅游,2022-06-07,76,0,76
宜宾旅游,2022-06-08,133,63,70
宜宾旅游,2022-06-09,145,61,84
宜宾旅游,2022-06-10,95,0,95
宜宾旅游,2022-06-11,84,0,84
宜宾旅游,2022-06-12,137,63,74
宜宾旅游,2022-06-13,159,68,91
宜宾旅游,2022-06-14,140,61,79
宜宾旅游,2022-06-15,93,0,93
宜宾旅游,2022-06-16,133,64,69
宜宾旅游,2022-06-17,152,61,91
宜宾旅游,2022-06-18,150,61,89
宜宾旅游,2022-06-19,86,0,86
宜宾旅游,2022-06-20,175,70,105
宜宾旅游,2022-06-21,159,66,93
宜宾旅游,2022-06-22,141,61,80
宜宾旅游,2022-06-23,156,64,92
宜宾旅游,2022-06-24,146,66,80
宜宾旅游,2022-06-25,74,0,74
宜宾旅游,2022-06-26,146,59,87
宜宾旅游,2022-06-27,164,64,100
宜宾旅游,2022-06-28,163,59,104
宜宾旅游,2022-06-29,176,61,115
宜宾旅游,2022-06-30,167,63,104
宜宾旅游,2022-07-01,187,59,128
宜宾旅游,2022-07-02,106,0,106
宜宾旅游,2022-07-03,161,61,100
宜宾旅游,2022-07-04,195,83,112
宜宾旅游,2022-07-05,182,72,110
宜宾旅游,2022-07-06,176,72,104
宜宾旅游,2022-07-07,190,72,118
宜宾旅游,2022-07-08,170,68,102
宜宾旅游,2022-07-09,108,0,108
宜宾旅游,2022-07-10,109,0,109
宜宾旅游,2022-07-11,174,72,102
宜宾旅游,2022-07-12,187,66,121
宜宾旅游,2022-07-13,174,66,108
宜宾旅游,2022-07-14,188,63,125
宜宾旅游,2022-07-15,180,68,112
宜宾旅游,2022-07-16,176,59,117
宜宾旅游,2022-07-17,176,61,115
宜宾旅游,2022-07-18,183,66,117
宜宾旅游,2022-07-19,188,70,118
宜宾旅游,2022-07-20,194,66,128
宜宾旅游,2022-07-21,110,0,110
宜宾旅游,2022-07-22,181,66,115
宜宾旅游,2022-07-23,170,61,109
宜宾旅游,2022-07-24,180,63,117
宜宾旅游,2022-07-25,169,61,108
宜宾旅游,2022-07-26,167,70,97
宜宾旅游,2022-07-27,184,66,118
宜宾旅游,2022-07-28,202,70,132
宜宾旅游,2022-07-29,188,80,108
宜宾旅游,2022-07-30,186,61,125
宜宾旅游,2022-07-31,174,66,108
宜宾旅游,2022-08-01,196,68,128
宜宾旅游,2022-08-02,185,68,117
宜宾旅游,2022-08-03,178,63,115
宜宾旅游,2022-08-04,174,68,106
宜宾旅游,2022-08-05,169,63,106
宜宾旅游,2022-08-06,192,64,128
宜宾旅游,2022-08-07,89,0,89
宜宾旅游,2022-08-08,166,64,102
宜宾旅游,2022-08-09,175,66,109
宜宾旅游,2022-08-10,176,66,110
宜宾旅游,2022-08-11,161,61,100
宜宾旅游,2022-08-12,178,68,110
宜宾旅游,2022-08-13,153,66,87
宜宾旅游,2022-08-14,96,0,96
宜宾旅游,2022-08-15,163,68,95
宜宾旅游,2022-08-16,155,68,87
宜宾旅游,2022-08-17,86,0,86
宜宾旅游,2022-08-18,154,59,95
宜宾旅游,2022-08-19,142,63,79
宜宾旅游,2022-08-20,92,0,92
宜宾旅游,2022-08-21,80,0,80
宜宾旅游,2022-08-22,84,0,84
宜宾旅游,2022-08-23,147,64,83
宜宾旅游,2022-08-24,152,61,91
宜宾旅游,2022-08-25,80,0,80
宜宾旅游,2022-08-26,147,61,86
宜宾旅游,2022-08-27,80,0,80
宜宾旅游,2022-08-28,82,0,82
宜宾旅游,2022-08-29,130,63,67
宜宾旅游,2022-08-30,132,59,73
宜宾旅游,2022-08-31,78,0,78
宜宾旅游,2022-09-01,70,0,70
宜宾旅游,2022-09-02,130,61,69
宜宾旅游,2022-09-03,67,0,67
宜宾旅游,2022-09-04,65,0,65
宜宾旅游,2022-09-05,133,59,74
宜宾旅游,2022-09-06,129,59,70
宜宾旅游,2022-09-07,141,63,78
宜宾旅游,2022-09-08,67,0,67
宜宾旅游,2022-09-09,78,0,78
宜宾旅游,2022-09-10,63,0,63
宜宾旅游,2022-09-11,71,0,71
宜宾旅游,2022-09-12,73,0,73
宜宾旅游,2022-09-13,146,64,82
宜宾旅游,2022-09-14,127,64,63
宜宾旅游,2022-09-15,128,61,67
宜宾旅游,2022-09-16,70,0,70
宜宾旅游,2022-09-17,69,0,69
宜宾旅游,2022-09-18,83,0,83
宜宾旅游,2022-09-19,71,0,71
宜宾旅游,2022-09-20,69,0,69
宜宾旅游,2022-09-21,134,64,70
宜宾旅游,2022-09-22,137,59,78
宜宾旅游,2022-09-23,129,59,70
宜宾旅游,2022-09-24,73,0,73
宜宾旅游,2022-09-25,74,0,74
宜宾旅游,2022-09-26,139,63,76
宜宾旅游,2022-09-27,135,64,71
宜宾旅游,2022-09-28,132,59,73
宜宾旅游,2022-09-29,157,70,87
宜宾旅游,2022-09-30,159,66,93
宜宾旅游,2022-10-01,89,0,89
宜宾旅游,2022-10-02,95,0,95
宜宾旅游,2022-10-03,96,0,96
宜宾旅游,2022-10-04,79,0,79
宜宾旅游,2022-10-05,83,0,83
宜宾旅游,2022-10-06,79,0,79
宜宾旅游,2022-10-07,78,0,78
宜宾旅游,2022-10-08,128,59,69
宜宾旅游,2022-10-09,71,0,71
宜宾旅游,2022-10-10,63,0,63
宜宾旅游,2022-10-11,65,0,65
宜宾旅游,2022-10-12,127,61,66
宜宾旅游,2022-10-13,134,64,70
宜宾旅游,2022-10-14,59,59,0
宜宾旅游,2022-10-15,63,0,63
宜宾旅游,2022-10-16,0,0,0
宜宾旅游,2022-10-17,70,0,70
宜宾旅游,2022-10-18,63,0,63
宜宾旅游,2022-10-19,67,0,67
宜宾旅游,2022-10-20,63,0,63
宜宾旅游,2022-10-21,70,0,70
宜宾旅游,2022-10-22,69,0,69
宜宾旅游,2022-10-23,129,59,70
宜宾旅游,2022-10-24,131,61,70
宜宾旅游,2022-10-25,0,0,0
宜宾旅游,2022-10-26,74,0,74
宜宾旅游,2022-10-27,124,59,65
宜宾旅游,2022-10-28,66,0,66
宜宾旅游,2022-10-29,67,0,67
宜宾旅游,2022-10-30,70,0,70
宜宾旅游,2022-10-31,67,0,67
宜宾旅游,2022-11-01,128,63,65
宜宾旅游,2022-11-02,66,0,66
宜宾旅游,2022-11-03,124,61,63
宜宾旅游,2022-11-04,128,61,67
宜宾旅游,2022-11-05,65,0,65
宜宾旅游,2022-11-06,78,0,78
宜宾旅游,2022-11-07,133,64,69
宜宾旅游,2022-11-08,73,0,73
宜宾旅游,2022-11-09,80,0,80
宜宾旅游,2022-11-10,126,63,63
宜宾旅游,2022-11-11,70,0,70
宜宾旅游,2022-11-12,69,0,69
宜宾旅游,2022-11-13,132,59,73
宜宾旅游,2022-11-14,128,59,69
宜宾旅游,2022-11-15,134,61,73
宜宾旅游,2022-11-16,74,0,74
宜宾旅游,2022-11-17,128,61,67
宜宾旅游,2022-11-18,122,59,63
宜宾旅游,2022-11-19,127,61,66
宜宾旅游,2022-11-20,124,61,63
宜宾旅游,2022-11-21,128,61,67
宜宾旅游,2022-11-22,132,61,71
宜宾旅游,2022-11-23,128,61,67
宜宾旅游,2022-11-24,67,0,67
宜宾旅游,2022-11-25,92,0,92
宜宾旅游,2022-11-26,73,0,73
宜宾旅游,2022-11-27,73,0,73
宜宾旅游,2022-11-28,124,59,65
宜宾旅游,2022-11-29,73,0,73
宜宾旅游,2022-11-30,69,0,69
宜宾旅游,2022-12-01,82,0,82
宜宾旅游,2022-12-02,131,61,70
宜宾旅游,2022-12-03,71,0,71
宜宾旅游,2022-12-04,66,0,66
宜宾旅游,2022-12-05,73,0,73
宜宾旅游,2022-12-06,144,64,80
宜宾旅游,2022-12-07,128,59,69
宜宾旅游,2022-12-08,132,61,71
宜宾旅游,2022-12-09,66,0,66
宜宾旅游,2022-12-10,61,0,61
宜宾旅游,2022-12-11,73,0,73
宜宾旅游,2022-12-12,129,59,70
宜宾旅游,2022-12-13,135,61,74
宜宾旅游,2022-12-14,120,59,61
宜宾旅游,2022-12-15,131,61,70
宜宾旅游,2022-12-16,70,0,70
宜宾旅游,2022-12-17,71,0,71
宜宾旅游,2022-12-18,0,0,0
宜宾旅游,2022-12-19,84,0,84
宜宾旅游,2022-12-20,122,59,63
宜宾旅游,2022-12-21,134,61,73
宜宾旅游,2022-12-22,132,63,69
宜宾旅游,2022-12-23,143,61,82
宜宾旅游,2022-12-24,137,59,78
宜宾旅游,2022-12-25,76,0,76
宜宾旅游,2022-12-26,141,63,78
宜宾旅游,2022-12-27,144,64,80
宜宾旅游,2022-12-28,155,68,87
宜宾旅游,2022-12-29,166,66,100
宜宾旅游,2022-12-30,155,64,91
宜宾旅游,2022-12-31,159,64,95
宜宾旅游,2023-01-01,89,0,89
宜宾旅游,2023-01-02,148,59,89
宜宾旅游,2023-01-03,152,61,91
宜宾旅游,2023-01-04,148,66,82
宜宾旅游,2023-01-05,170,74,96
宜宾旅游,2023-01-06,165,66,99
宜宾旅游,2023-01-07,189,68,121
宜宾旅游,2023-01-08,212,63,149
宜宾旅游,2023-01-09,223,68,155
宜宾旅游,2023-01-10,174,64,110
宜宾旅游,2023-01-11,186,61,125
宜宾旅游,2023-01-12,198,70,128
宜宾旅游,2023-01-13,178,66,112
宜宾旅游,2023-01-14,165,59,106
宜宾旅游,2023-01-15,182,61,121
宜宾旅游,2023-01-16,194,72,122
宜宾旅游,2023-01-17,189,66,123
宜宾旅游,2023-01-18,206,68,138
宜宾旅游,2023-01-19,205,70,135
宜宾旅游,2023-01-20,179,66,113
宜宾旅游,2023-01-21,192,61,131
宜宾旅游,2023-01-22,264,74,190
宜宾旅游,2023-01-23,186,0,186
宜宾旅游,2023-01-24,261,63,198
宜宾旅游,2023-01-25,165,0,165
宜宾旅游,2023-01-26,157,0,157
宜宾旅游,2023-01-27,190,59,131
宜宾旅游,2023-01-28,207,72,135
宜宾旅游,2023-01-29,176,64,112
宜宾旅游,2023-01-30,178,66,112
宜宾旅游,2023-01-31,178,74,104
宜宾旅游,2023-02-01,185,68,117
宜宾旅游,2023-02-02,156,63,93
宜宾旅游,2023-02-03,165,63,102
宜宾旅游,2023-02-04,83,0,83
宜宾旅游,2023-02-05,73,0,73
宜宾旅游,2023-02-06,143,64,79
宜宾旅游,2023-02-07,160,64,96
宜宾旅游,2023-02-08,147,64,83
宜宾旅游,2023-02-09,149,63,86
宜宾旅游,2023-02-10,143,61,82
宜宾旅游,2023-02-11,80,0,80
宜宾旅游,2023-02-12,152,63,89
宜宾旅游,2023-02-13,165,61,104
宜宾旅游,2023-02-14,142,63,79
宜宾旅游,2023-02-15,149,63,86
宜宾旅游,2023-02-16,73,0,73
宜宾旅游,2023-02-17,149,63,86
宜宾旅游,2023-02-18,89,0,89
宜宾旅游,2023-02-19,139,61,78
宜宾旅游,2023-02-20,157,68,89
宜宾旅游,2023-02-21,143,61,82
宜宾旅游,2023-02-22,137,68,69
宜宾旅游,2023-02-23,159,70,89
宜宾旅游,2023-02-24,154,61,93
宜宾旅游,2023-02-25,79,0,79
宜宾旅游,2023-02-26,83,0,83
宜宾旅游,2023-02-27,148,66,82
宜宾旅游,2023-02-28,146,63,83
宜宾旅游,2023-03-01,161,66,95
宜宾旅游,2023-03-02,148,59,89
宜宾旅游,2023-03-03,84,0,84
宜宾旅游,2023-03-04,154,63,91
宜宾旅游,2023-03-05,145,61,84
宜宾旅游,2023-03-06,170,66,104
宜宾旅游,2023-03-07,155,72,83
宜宾旅游,2023-03-08,142,63,79
宜宾旅游,2023-03-09,147,63,84
宜宾旅游,2023-03-10,148,66,82
宜宾旅游,2023-03-11,143,59,84
宜宾旅游,2023-03-12,87,0,87
宜宾旅游,2023-03-13,147,63,84
宜宾旅游,2023-03-14,144,64,80
宜宾旅游,2023-03-15,130,63,67
宜宾旅游,2023-03-16,169,72,97
宜宾旅游,2023-03-17,147,63,84
宜宾旅游,2023-03-18,97,0,97
宜宾旅游,2023-03-19,147,63,84
宜宾旅游,2023-03-20,156,64,92
宜宾旅游,2023-03-21,141,61,80
宜宾旅游,2023-03-22,165,61,104
宜宾旅游,2023-03-23,145,66,79
宜宾旅游,2023-03-24,163,64,99
宜宾旅游,2023-03-25,82,0,82
宜宾旅游,2023-03-26,133,63,70
宜宾旅游,2023-03-27,158,72,86
宜宾旅游,2023-03-28,139,63,76
宜宾旅游,2023-03-29,157,64,93
宜宾旅游,2023-03-30,156,70,86
宜宾旅游,2023-03-31,150,59,91
宜宾旅游,2023-04-01,89,0,89
宜宾旅游,2023-04-02,154,61,93
宜宾旅游,2023-04-03,161,72,89
宜宾旅游,2023-04-04,181,82,99
宜宾旅游,2023-04-05,186,64,122
宜宾旅游,2023-04-06,169,89,80
宜宾旅游,2023-04-07,159,66,93
宜宾旅游,2023-04-08,144,61,83
宜宾旅游,2023-04-09,100,0,100
宜宾旅游,2023-04-10,170,70,100
宜宾旅游,2023-04-11,172,76,96
宜宾旅游,2023-04-12,185,80,105
宜宾旅游,2023-04-13,168,64,104
宜宾旅游,2023-04-14,164,68,96
宜宾旅游,2023-04-15,170,68,102
宜宾旅游,2023-04-16,162,63,99
宜宾旅游,2023-04-17,177,82,95
宜宾旅游,2023-04-18,176,72,104
宜宾旅游,2023-04-19,202,68,134
宜宾旅游,2023-04-20,181,72,109
宜宾旅游,2023-04-21,193,80,113
宜宾旅游,2023-04-22,170,61,109
宜宾旅游,2023-04-23,230,102,128
宜宾旅游,2023-04-24,203,78,125
宜宾旅游,2023-04-25,235,97,138
宜宾旅游,2023-04-26,208,76,132
宜宾旅游,2023-04-27,248,93,155
宜宾旅游,2023-04-28,244,82,162
宜宾旅游,2023-04-29,263,66,197
宜宾旅游,2023-04-30,233,63,170
宜宾旅游,2023-05-01,215,61,154
宜宾旅游,2023-05-02,126,0,126
宜宾旅游,2023-05-03,160,61,99
宜宾旅游,2023-05-04,143,63,80
宜宾旅游,2023-05-05,154,61,93
宜宾旅游,2023-05-06,190,64,126
宜宾旅游,2023-05-07,148,59,89
宜宾旅游,2023-05-08,150,64,86
宜宾旅游,2023-05-09,155,66,89
宜宾旅游,2023-05-10,141,59,82
宜宾旅游,2023-05-11,142,64,78
宜宾旅游,2023-05-12,133,59,74
宜宾旅游,2023-05-13,163,64,99
宜宾旅游,2023-05-14,139,59,80
宜宾旅游,2023-05-15,148,68,80
宜宾旅游,2023-05-16,158,66,92
宜宾旅游,2023-05-17,156,59,97
宜宾旅游,2023-05-18,162,63,99
宜宾旅游,2023-05-19,155,66,89
宜宾旅游,2023-05-20,141,61,80
宜宾旅游,2023-05-21,84,0,84
宜宾旅游,2023-05-22,151,59,92
宜宾旅游,2023-05-23,87,0,87
宜宾旅游,2023-05-24,153,64,89
宜宾旅游,2023-05-25,159,70,89
宜宾旅游,2023-05-26,152,66,86
宜宾旅游,2023-05-27,84,0,84
宜宾旅游,2023-05-28,160,61,99
宜宾旅游,2023-05-29,147,63,84
宜宾旅游,2023-05-30,146,64,82
宜宾旅游,2023-05-31,137,66,71
宜宾旅游,2023-06-01,133,64,69
宜宾旅游,2023-06-02,150,64,86
宜宾旅游,2023-06-03,79,0,79
宜宾旅游,2023-06-04,161,61,100
宜宾旅游,2023-06-05,146,66,80
宜宾旅游,2023-06-06,159,64,95
宜宾旅游,2023-06-07,159,63,96
宜宾旅游,2023-06-08,146,59,87
宜宾旅游,2023-06-09,169,72,97
宜宾旅游,2023-06-10,89,0,89
宜宾旅游,2023-06-11,83,0,83
宜宾旅游,2023-06-12,147,64,83
宜宾旅游,2023-06-13,147,61,86
宜宾旅游,2023-06-14,155,66,89
宜宾旅游,2023-06-15,159,64,95
宜宾旅游,2023-06-16,91,0,91
宜宾旅游,2023-06-17,164,59,105
宜宾旅游,2023-06-18,128,59,69
宜宾旅游,2023-06-19,182,64,118
宜宾旅游,2023-06-20,168,72,96
宜宾旅游,2023-06-21,201,76,125
宜宾旅游,2023-06-22,112,0,112
宜宾旅游,2023-06-23,179,64,115
宜宾旅游,2023-06-24,145,66,79
宜宾旅游,2023-06-25,161,66,95
宜宾旅游,2023-06-26,134,63,71
宜宾旅游,2023-06-27,163,70,93
宜宾旅游,2023-06-28,165,70,95
宜宾旅游,2023-06-29,165,72,93
宜宾旅游,2023-06-30,181,76,105
宜宾旅游,2023-07-01,86,0,86
宜宾旅游,2023-07-02,161,61,100
宜宾旅游,2023-07-03,152,68,84
宜宾旅游,2023-07-04,179,70,109
宜宾旅游,2023-07-05,170,61,109
宜宾旅游,2023-07-06,149,66,83
宜宾旅游,2023-07-07,157,66,91
宜宾旅游,2023-07-08,148,59,89
宜宾旅游,2023-07-09,148,59,89
宜宾旅游,2023-07-10,165,66,99
宜宾旅游,2023-07-11,177,78,99
宜宾旅游,2023-07-12,174,74,100
宜宾旅游,2023-07-13,155,59,96
宜宾旅游,2023-07-14,173,68,105
宜宾旅游,2023-07-15,180,61,119
宜宾旅游,2023-07-16,163,63,100
宜宾旅游,2023-07-17,176,76,100
宜宾旅游,2023-07-18,167,68,99
宜宾旅游,2023-07-19,178,66,112
宜宾旅游,2023-07-20,173,64,109
宜宾旅游,2023-07-21,188,70,118
宜宾旅游,2023-07-22,106,0,106
宜宾旅游,2023-07-23,165,61,104
宜宾旅游,2023-07-24,190,78,112
宜宾旅游,2023-07-25,181,63,118
宜宾旅游,2023-07-26,188,83,105
宜宾旅游,2023-07-27,192,80,112
宜宾旅游,2023-07-28,172,66,106
宜宾旅游,2023-07-29,165,59,106
宜宾旅游,2023-07-30,108,0,108
宜宾旅游,2023-07-31,166,66,100
宜宾旅游,2023-08-01,184,72,112
宜宾旅游,2023-08-02,191,70,121
宜宾旅游,2023-08-03,174,74,100
宜宾旅游,2023-08-04,165,68,97
宜宾旅游,2023-08-05,162,63,99
宜宾旅游,2023-08-06,163,61,102
宜宾旅游,2023-08-07,176,72,104
宜宾旅游,2023-08-08,193,72,121
宜宾旅游,2023-08-09,178,72,106
宜宾旅游,2023-08-10,174,72,102
宜宾旅游,2023-08-11,172,63,109
宜宾旅游,2023-08-12,167,59,108
宜宾旅游,2023-08-13,169,63,106
宜宾旅游,2023-08-14,169,70,99
宜宾旅游,2023-08-15,178,66,112
宜宾旅游,2023-08-16,178,72,106
宜宾旅游,2023-08-17,161,66,95
宜宾旅游,2023-08-18,154,72,82
宜宾旅游,2023-08-19,113,0,113
宜宾旅游,2023-08-20,176,61,115
宜宾旅游,2023-08-21,178,70,108
宜宾旅游,2023-08-22,163,68,95
宜宾旅游,2023-08-23,165,66,99
宜宾旅游,2023-08-24,168,66,102
宜宾旅游,2023-08-25,148,66,82
宜宾旅游,2023-08-26,150,59,91
宜宾旅游,2023-08-27,143,61,82
宜宾旅游,2023-08-28,147,63,84
宜宾旅游,2023-08-29,142,66,76
宜宾旅游,2023-08-30,150,70,80
宜宾旅游,2023-08-31,139,61,78
宜宾旅游,2023-09-01,140,64,76
宜宾旅游,2023-09-02,147,61,86
宜宾旅游,2023-09-03,80,0,80
宜宾旅游,2023-09-04,144,74,70
宜宾旅游,2023-09-05,147,68,79
宜宾旅游,2023-09-06,137,66,71
宜宾旅游,2023-09-07,160,74,86
宜宾旅游,2023-09-08,79,0,79
宜宾旅游,2023-09-09,161,68,93
宜宾旅游,2023-09-10,141,59,82
宜宾旅游,2023-09-11,154,70,84
宜宾旅游,2023-09-12,169,76,93
宜宾旅游,2023-09-13,168,66,102
宜宾旅游,2023-09-14,174,70,104
宜宾旅游,2023-09-15,150,63,87
宜宾旅游,2023-09-16,153,64,89
宜宾旅游,2023-09-17,175,63,112
宜宾旅游,2023-09-18,193,80,113
宜宾旅游,2023-09-19,184,80,104
宜宾旅游,2023-09-20,179,80,99
宜宾旅游,2023-09-21,187,82,105
宜宾旅游,2023-09-22,211,101,110
宜宾旅游,2023-09-23,165,66,99
宜宾旅游,2023-09-24,112,0,112
宜宾旅游,2023-09-25,216,95,121
宜宾旅游,2023-09-26,225,93,132
宜宾旅游,2023-09-27,228,80,148
宜宾旅游,2023-09-28,218,80,138
宜宾旅游,2023-09-29,350,80,270
宜宾旅游,2023-09-30,298,74,224
宜宾旅游,2023-10-01,311,63,248
宜宾旅游,2023-10-02,199,0,199
宜宾旅游,2023-10-03,245,64,181
宜宾旅游,2023-10-04,196,61,135
宜宾旅游,2023-10-05,181,64,117
宜宾旅游,2023-10-06,142,63,79
宜宾旅游,2023-10-07,154,74,80
宜宾旅游,2023-10-08,159,64,95
宜宾旅游,2023-10-09,145,63,82
宜宾旅游,2023-10-10,141,68,73
宜宾旅游,2023-10-11,87,0,87
宜宾旅游,2023-10-12,147,64,83
宜宾旅游,2023-10-13,139,61,78
宜宾旅游,2023-10-14,96,0,96
宜宾旅游,2023-10-15,106,0,106
宜宾旅游,2023-10-16,137,63,74
宜宾旅游,2023-10-17,134,63,71
宜宾旅游,2023-10-18,139,59,80
宜宾旅游,2023-10-19,135,61,74
宜宾旅游,2023-10-20,140,64,76
宜宾旅游,2023-10-21,132,59,73
宜宾旅游,2023-10-22,76,0,76
宜宾旅游,2023-10-23,133,66,67
宜宾旅游,2023-10-24,73,0,73
宜宾旅游,2023-10-25,141,61,80
宜宾旅游,2023-10-26,138,68,70
宜宾旅游,2023-10-27,134,61,73
宜宾旅游,2023-10-28,76,0,76
宜宾旅游,2023-10-29,127,61,66
宜宾旅游,2023-10-30,143,64,79
宜宾旅游,2023-10-31,146,64,82
宜宾旅游,2023-11-01,78,0,78
宜宾旅游,2023-11-02,138,64,74
宜宾旅游,2023-11-03,141,59,82
宜宾旅游,2023-11-04,140,61,79
宜宾旅游,2023-11-05,140,61,79
宜宾旅游,2023-11-06,147,64,83
宜宾旅游,2023-11-07,145,61,84
宜宾旅游,2023-11-08,147,68,79
宜宾旅游,2023-11-09,134,64,70
宜宾旅游,2023-11-10,143,63,80
宜宾旅游,2023-11-11,83,0,83
宜宾旅游,2023-11-12,74,0,74
宜宾旅游,2023-11-13,134,63,71
宜宾旅游,2023-11-14,137,64,73
宜宾旅游,2023-11-15,69,0,69
宜宾旅游,2023-11-16,141,68,73
宜宾旅游,2023-11-17,78,0,78
宜宾旅游,2023-11-18,141,61,80
宜宾旅游,2023-11-19,70,0,70
宜宾旅游,2023-11-20,167,70,97
宜宾旅游,2023-11-21,143,61,82
宜宾旅游,2023-11-22,137,61,76
宜宾旅游,2023-11-23,129,59,70
宜宾旅游,2023-11-24,134,64,70
宜宾旅游,2023-11-25,87,0,87
宜宾旅游,2023-11-26,160,61,99
宜宾旅游,2023-11-27,136,63,73
宜宾旅游,2023-11-28,131,66,65
宜宾旅游,2023-11-29,79,0,79
宜宾旅游,2023-11-30,134,63,71
宜宾旅游,2023-12-01,146,64,82
宜宾旅游,2023-12-02,133,59,74
宜宾旅游,2023-12-03,145,63,82
宜宾旅游,2023-12-04,145,66,79
宜宾旅游,2023-12-05,128,61,67
宜宾旅游,2023-12-06,140,64,76
宜宾旅游,2023-12-07,76,0,76
宜宾旅游,2023-12-08,143,63,80
宜宾旅游,2023-12-09,146,63,83
宜宾旅游,2023-12-10,136,63,73
宜宾旅游,2023-12-11,135,68,67
宜宾旅游,2023-12-12,137,70,67
宜宾旅游,2023-12-13,131,61,70
宜宾旅游,2023-12-14,129,63,66
宜宾旅游,2023-12-15,132,61,71
宜宾旅游,2023-12-16,76,0,76
宜宾旅游,2023-12-17,143,61,82
宜宾旅游,2023-12-18,76,0,76
宜宾旅游,2023-12-19,137,70,67
宜宾旅游,2023-12-20,132,59,73
宜宾旅游,2023-12-21,154,68,86
宜宾旅游,2023-12-22,137,64,73
宜宾旅游,2023-12-23,135,59,76
宜宾旅游,2023-12-24,70,0,70
宜宾旅游,2023-12-25,162,80,82
宜宾旅游,2023-12-26,202,89,113
宜宾旅游,2023-12-27,175,66,109
宜宾旅游,2023-12-28,158,74,84
宜宾旅游,2023-12-29,185,72,113
宜宾旅游,2023-12-30,189,64,125
宜宾旅游,2023-12-31,143,59,84
宜宾旅游,2024-01-01,76,0,76
宜宾旅游,2024-01-02,152,76,76
宜宾旅游,2024-01-03,146,66,80
宜宾旅游,2024-01-04,132,61,71
宜宾旅游,2024-01-05,157,66,91
宜宾旅游,2024-01-06,132,59,73
宜宾旅游,2024-01-07,84,0,84
宜宾旅游,2024-01-08,154,72,82
宜宾旅游,2024-01-09,129,64,65
宜宾旅游,2024-01-10,132,61,71
宜宾旅游,2024-01-11,143,63,80
宜宾旅游,2024-01-12,148,70,78
宜宾旅游,2024-01-13,148,64,84
宜宾旅游,2024-01-14,89,0,89
宜宾旅游,2024-01-15,153,70,83
宜宾旅游,2024-01-16,160,82,78
宜宾旅游,2024-01-17,157,61,96
宜宾旅游,2024-01-18,147,64,83
宜宾旅游,2024-01-19,159,66,93
宜宾旅游,2024-01-20,158,61,97
宜宾旅游,2024-01-21,154,68,86
宜宾旅游,2024-01-22,156,82,74
宜宾旅游,2024-01-23,159,64,95
宜宾旅游,2024-01-24,156,72,84
宜宾旅游,2024-01-25,154,61,93
宜宾旅游,2024-01-26,156,72,84
宜宾旅游,2024-01-27,191,78,113
宜宾旅游,2024-01-28,178,72,106
宜宾旅游,2024-01-29,146,68,78
宜宾旅游,2024-01-30,158,66,92
宜宾旅游,2024-01-31,164,72,92
宜宾旅游,2024-02-01,161,78,83
宜宾旅游,2024-02-02,161,66,95
宜宾旅游,2024-02-03,151,59,92
宜宾旅游,2024-02-04,199,93,106
宜宾旅游,2024-02-05,187,66,121
宜宾旅游,2024-02-06,161,64,97
宜宾旅游,2024-02-07,156,63,93
宜宾旅游,2024-02-08,172,68,104
宜宾旅游,2024-02-09,191,68,123
宜宾旅游,2024-02-10,209,64,145
宜宾旅游,2024-02-11,245,61,184
宜宾旅游,2024-02-12,257,68,189
宜宾旅游,2024-02-13,241,61,180
宜宾旅游,2024-02-14,157,0,157
宜宾旅游,2024-02-15,176,61,115
宜宾旅游,2024-02-16,176,63,113
宜宾旅游,2024-02-17,89,0,89
宜宾旅游,2024-02-18,184,66,118
宜宾旅游,2024-02-19,168,64,104
宜宾旅游,2024-02-20,156,63,93
宜宾旅游,2024-02-21,146,68,78
宜宾旅游,2024-02-22,140,64,76
宜宾旅游,2024-02-23,151,64,87
宜宾旅游,2024-02-24,143,61,82
宜宾旅游,2024-02-25,138,59,79
宜宾旅游,2024-02-26,135,61,74
宜宾旅游,2024-02-27,141,63,78
宜宾旅游,2024-02-28,76,0,76
宜宾旅游,2024-02-29,141,61,80
宜宾旅游,2024-03-01,144,68,76
宜宾旅游,2024-03-02,79,0,79
宜宾旅游,2024-03-03,74,0,74
宜宾旅游,2024-03-04,146,70,76
宜宾旅游,2024-03-05,147,68,79
宜宾旅游,2024-03-06,149,70,79
宜宾旅游,2024-03-07,156,64,92
宜宾旅游,2024-03-08,144,74,70
宜宾旅游,2024-03-09,145,63,82
宜宾旅游,2024-03-10,67,0,67
宜宾旅游,2024-03-11,151,64,87
宜宾旅游,2024-03-12,152,68,84
宜宾旅游,2024-03-13,143,76,67
宜宾旅游,2024-03-14,140,64,76
宜宾旅游,2024-03-15,156,70,86
宜宾旅游,2024-03-16,143,61,82
宜宾旅游,2024-03-17,80,0,80
宜宾旅游,2024-03-18,154,78,76
宜宾旅游,2024-03-19,144,61,83
宜宾旅游,2024-03-20,163,70,93
宜宾旅游,2024-03-21,164,72,92
宜宾旅游,2024-03-22,146,64,82
宜宾旅游,2024-03-23,146,63,83
宜宾旅游,2024-03-24,152,63,89
宜宾旅游,2024-03-25,168,85,83
宜宾旅游,2024-03-26,167,72,95
宜宾旅游,2024-03-27,175,82,93
宜宾旅游,2024-03-28,152,74,78
宜宾旅游,2024-03-29,180,83,97
宜宾旅游,2024-03-30,92,0,92
宜宾旅游,2024-03-31,159,72,87
宜宾旅游,2024-04-01,171,72,99
宜宾旅游,2024-04-02,202,102,100
宜宾旅游,2024-04-03,254,120,134
宜宾旅游,2024-04-04,112,0,112
宜宾旅游,2024-04-05,96,0,96
宜宾旅游,2024-04-06,151,59,92
宜宾旅游,2024-04-07,199,91,108
宜宾旅游,2024-04-08,186,104,82
宜宾旅游,2024-04-09,188,82,106
宜宾旅游,2024-04-10,185,83,102
宜宾旅游,2024-04-11,171,80,91
宜宾旅游,2024-04-12,173,80,93
宜宾旅游,2024-04-13,93,0,93
宜宾旅游,2024-04-14,148,61,87
宜宾旅游,2024-04-15,167,76,91
宜宾旅游,2024-04-16,199,102,97
宜宾旅游,2024-04-17,208,93,115
宜宾旅游,2024-04-18,201,97,104
宜宾旅游,2024-04-19,178,72,106
宜宾旅游,2024-04-20,160,64,96
宜宾旅游,2024-04-21,174,68,106
宜宾旅游,2024-04-22,191,102,89
宜宾旅游,2024-04-23,182,91,91
宜宾旅游,2024-04-24,183,87,96
宜宾旅游,2024-04-25,196,87,109
宜宾旅游,2024-04-26,185,80,105
宜宾旅游,2024-04-27,186,74,112
宜宾旅游,2024-04-28,259,140,119
宜宾旅游,2024-04-29,235,118,117
宜宾旅游,2024-04-30,306,142,164
宜宾旅游,2024-05-01,270,74,196
宜宾旅游,2024-05-02,240,72,168
宜宾旅游,2024-05-03,211,72,139
宜宾旅游,2024-05-04,164,64,100
宜宾旅游,2024-05-05,158,59,99
宜宾旅游,2024-05-06,176,74,102
宜宾旅游,2024-05-07,172,68,104
宜宾旅游,2024-05-08,149,63,86
宜宾旅游,2024-05-09,159,68,91
宜宾旅游,2024-05-10,151,82,69
宜宾旅游,2024-05-11,151,78,73
宜宾旅游,2024-05-12,137,61,76
宜宾旅游,2024-05-13,155,76,79
宜宾旅游,2024-05-14,171,87,84
宜宾旅游,2024-05-15,153,64,89
宜宾旅游,2024-05-16,165,66,99
宜宾旅游,2024-05-17,150,74,76
宜宾旅游,2024-05-18,155,64,91
宜宾旅游,2024-05-19,139,61,78
宜宾旅游,2024-05-20,155,68,87
宜宾旅游,2024-05-21,150,72,78
宜宾旅游,2024-05-22,154,70,84
宜宾旅游,2024-05-23,161,70,91
宜宾旅游,2024-05-24,160,80,80
宜宾旅游,2024-05-25,147,61,86
宜宾旅游,2024-05-26,145,59,86
宜宾旅游,2024-05-27,146,72,74
宜宾旅游,2024-05-28,149,76,73
宜宾旅游,2024-05-29,153,70,83
宜宾旅游,2024-05-30,159,66,93
宜宾旅游,2024-05-31,171,91,80
宜宾旅游,2024-06-01,140,57,83
宜宾旅游,2024-06-02,152,70,82
宜宾旅游,2024-06-03,143,72,71
宜宾旅游,2024-06-04,163,80,83
宜宾旅游,2024-06-05,174,85,89
宜宾旅游,2024-06-06,177,85,92
宜宾旅游,2024-06-07,182,83,99
宜宾旅游,2024-06-08,166,57,109
宜宾旅游,2024-06-09,142,63,79
宜宾旅游,2024-06-10,148,64,84
宜宾旅游,2024-06-11,163,72,91
宜宾旅游,2024-06-12,165,72,93
宜宾旅游,2024-06-13,173,91,82
宜宾旅游,2024-06-14,158,76,82
宜宾旅游,2024-06-15,137,57,80
宜宾旅游,2024-06-16,147,63,84
宜宾旅游,2024-06-17,166,80,86
宜宾旅游,2024-06-18,158,72,86
宜宾旅游,2024-06-19,155,68,87
宜宾旅游,2024-06-20,163,70,93
宜宾旅游,2024-06-21,165,78,87
宜宾旅游,2024-06-22,157,61,96
宜宾旅游,2024-06-23,159,57,102
宜宾旅游,2024-06-24,174,87,87
宜宾旅游,2024-06-25,163,76,87
宜宾旅游,2024-06-26,162,76,86
宜宾旅游,2024-06-27,182,89,93
宜宾旅游,2024-06-28,176,83,93
宜宾旅游,2024-06-29,138,64,74
宜宾旅游,2024-06-30,140,57,83
宜宾旅游,2024-07-01,163,89,74
宜宾旅游,2024-07-02,171,76,95
宜宾旅游,2024-07-03,184,87,97
宜宾旅游,2024-07-04,146,66,80
宜宾旅游,2024-07-05,165,76,89
宜宾旅游,2024-07-06,158,76,82
宜宾旅游,2024-07-07,154,68,86
宜宾旅游,2024-07-08,169,80,89
宜宾旅游,2024-07-09,173,78,95
宜宾旅游,2024-07-10,179,82,97
宜宾旅游,2024-07-11,201,82,119
宜宾旅游,2024-07-12,206,72,134
宜宾旅游,2024-07-13,178,61,117
宜宾旅游,2024-07-14,157,64,93
宜宾旅游,2024-07-15,206,85,121
宜宾旅游,2024-07-16,199,82,117
宜宾旅游,2024-07-17,198,85,113
宜宾旅游,2024-07-18,179,83,96
宜宾旅游,2024-07-19,183,83,100
宜宾旅游,2024-07-20,168,59,109
宜宾旅游,2024-07-21,176,63,113
宜宾旅游,2024-07-22,204,82,122
宜宾旅游,2024-07-23,212,76,136
宜宾旅游,2024-07-24,206,85,121
宜宾旅游,2024-07-25,194,82,112
宜宾旅游,2024-07-26,201,82,119
宜宾旅游,2024-07-27,190,64,126
宜宾旅游,2024-07-28,166,64,102
宜宾旅游,2024-07-29,211,89,122
宜宾旅游,2024-07-30,204,91,113
宜宾旅游,2024-07-31,214,97,117
宜宾旅游,2024-08-01,197,93,104
宜宾旅游,2024-08-02,216,93,123
宜宾旅游,2024-08-03,174,78,96
宜宾旅游,2024-08-04,163,70,93
宜宾旅游,2024-08-05,198,83,115
宜宾旅游,2024-08-06,187,82,105
宜宾旅游,2024-08-07,199,80,119
宜宾旅游,2024-08-08,193,87,106
宜宾旅游,2024-08-09,216,97,119
宜宾旅游,2024-08-10,152,63,89
宜宾旅游,2024-08-11,178,68,110
宜宾旅游,2024-08-12,187,91,96
宜宾旅游,2024-08-13,195,80,115
宜宾旅游,2024-08-14,179,82,97
宜宾旅游,2024-08-15,167,74,93
宜宾旅游,2024-08-16,169,82,87
宜宾旅游,2024-08-17,160,64,96
宜宾旅游,2024-08-18,154,57,97
宜宾旅游,2024-08-19,191,74,117
宜宾旅游,2024-08-20,171,74,97
宜宾旅游,2024-08-21,170,70,100
宜宾旅游,2024-08-22,185,76,109
宜宾旅游,2024-08-23,150,59,91
宜宾旅游,2024-08-24,141,57,84
宜宾旅游,2024-08-25,142,68,74
宜宾旅游,2024-08-26,154,70,84
宜宾旅游,2024-08-27,146,70,76
宜宾旅游,2024-08-28,141,72,69
宜宾旅游,2024-08-29,154,87,67
宜宾旅游,2024-08-30,154,70,84
宜宾旅游,2024-08-31,143,64,79
宜宾旅游,2024-09-01,148,72,76
宜宾旅游,2024-09-02,149,76,73
宜宾旅游,2024-09-03,162,83,79
宜宾旅游,2024-09-04,145,72,73
宜宾旅游,2024-09-05,149,70,79
宜宾旅游,2024-09-06,146,68,78
宜宾旅游,2024-09-07,147,63,84
宜宾旅游,2024-09-08,135,64,71
宜宾旅游,2024-09-09,153,82,71
宜宾旅游,2024-09-10,148,74,74
宜宾旅游,2024-09-11,155,82,73
宜宾旅游,2024-09-12,154,70,84
宜宾旅游,2024-09-13,164,80,84
宜宾旅游,2024-09-14,178,87,91
宜宾旅游,2024-09-15,150,59,91
宜宾旅游,2024-09-16,142,59,83
宜宾旅游,2024-09-17,150,61,89
宜宾旅游,2024-09-18,204,104,100
宜宾旅游,2024-09-19,171,91,80
宜宾旅游,2024-09-20,189,102,87
宜宾旅游,2024-09-21,172,68,104
宜宾旅游,2024-09-22,150,64,86
宜宾旅游,2024-09-23,237,140,97
宜宾旅游,2024-09-24,245,110,135
宜宾旅游,2024-09-25,186,89,97
宜宾旅游,2024-09-26,203,85,118
宜宾旅游,2024-09-27,206,83,123
宜宾旅游,2024-09-28,246,68,178
宜宾旅游,2024-09-29,320,120,200
宜宾旅游,2024-09-30,301,112,189
宜宾旅游,2024-10-01,263,70,193
宜宾旅游,2024-10-02,239,68,171
宜宾旅游,2024-10-03,226,61,165
宜宾旅游,2024-10-04,223,57,166
宜宾旅游,2024-10-05,200,57,143
宜宾旅游,2024-10-06,194,63,131
宜宾旅游,2024-10-07,166,61,105
宜宾旅游,2024-10-08,152,63,89
宜宾旅游,2024-10-09,149,70,79
宜宾旅游,2024-10-10,166,64,102
宜宾旅游,2024-10-11,141,68,73
宜宾旅游,2024-10-12,157,66,91
宜宾旅游,2024-10-13,158,63,95
宜宾旅游,2024-10-14,169,76,93
宜宾旅游,2024-10-15,141,59,82
宜宾旅游,2024-10-16,177,82,95
宜宾旅游,2024-10-17,178,82,96
宜宾旅游,2024-10-18,174,78,96
宜宾旅游,2024-10-19,170,70,100
宜宾旅游,2024-10-20,143,59,84
宜宾旅游,2024-10-21,154,59,95
宜宾旅游,2024-10-22,163,63,100
宜宾旅游,2024-10-23,154,68,86
宜宾旅游,2024-10-24,143,63,80
宜宾旅游,2024-10-25,139,59,80
宜宾旅游,2024-10-26,138,59,79
宜宾旅游,2024-10-27,146,59,87
宜宾旅游,2024-10-28,161,70,91
宜宾旅游,2024-10-29,150,70,80
宜宾旅游,2024-10-30,128,63,65
宜宾旅游,2024-10-31,148,64,84
宜宾旅游,2024-11-01,133,59,74
宜宾旅游,2024-11-02,145,61,84
宜宾旅游,2024-11-03,151,59,92
宜宾旅游,2024-11-04,129,64,65
宜宾旅游,2024-11-05,162,70,92
宜宾旅游,2024-11-06,141,72,69
宜宾旅游,2024-11-07,135,61,74
宜宾旅游,2024-11-08,150,64,86
宜宾旅游,2024-11-09,139,59,80
宜宾旅游,2024-11-10,69,0,69
宜宾旅游,2024-11-11,137,63,74
宜宾旅游,2024-11-12,146,63,83
宜宾旅游,2024-11-13,143,59,84
宜宾旅游,2024-11-14,141,57,84
宜宾旅游,2024-11-15,139,63,76
宜宾旅游,2024-11-16,132,59,73
宜宾旅游,2024-11-17,146,57,89
宜宾旅游,2024-11-18,135,61,74
宜宾旅游,2024-11-19,140,66,74
宜宾旅游,2024-11-20,139,63,76
宜宾旅游,2024-11-21,137,59,78
宜宾旅游,2024-11-22,126,61,65
宜宾旅游,2024-11-23,146,59,87
宜宾旅游,2024-11-24,137,59,78
宜宾旅游,2024-11-25,137,72,65
宜宾旅游,2024-11-26,126,59,67
宜宾旅游,2024-11-27,130,59,71
宜宾旅游,2024-11-28,145,66,79
宜宾旅游,2024-11-29,130,64,66
宜宾旅游,2024-11-30,83,0,83
宜宾旅游,2024-12-01,124,57,67
宜宾旅游,2024-12-02,135,64,71
宜宾旅游,2024-12-03,144,64,80
宜宾旅游,2024-12-04,137,61,76
宜宾旅游,2024-12-05,133,63,70
宜宾旅游,2024-12-06,132,61,71
宜宾旅游,2024-12-07,140,57,83
宜宾旅游,2024-12-08,130,59,71
宜宾旅游,2024-12-09,128,61,67
宜宾旅游,2024-12-10,127,61,66
宜宾旅游,2024-12-11,132,61,71
宜宾旅游,2024-12-12,123,57,66
宜宾旅游,2024-12-13,135,64,71
宜宾旅游,2024-12-14,135,57,78
宜宾旅游,2024-12-15,129,59,70
宜宾旅游,2024-12-16,146,66,80
宜宾旅游,2024-12-17,135,70,65
宜宾旅游,2024-12-18,143,64,79
宜宾旅游,2024-12-19,147,61,86
宜宾旅游,2024-12-20,150,61,89
宜宾旅游,2024-12-21,148,59,89
宜宾旅游,2024-12-22,153,64,89
宜宾旅游,2024-12-23,141,61,80
宜宾旅游,2024-12-24,76,0,76
宜宾旅游,2024-12-25,138,59,79
宜宾旅游,2024-12-26,139,59,80
宜宾旅游,2024-12-27,136,57,79
宜宾旅游,2024-12-28,71,0,71
宜宾旅游,2024-12-29,151,59,92
宜宾旅游,2024-12-30,152,61,91
宜宾旅游,2024-12-31,152,59,93
宜宾旅游,2025-01-01,91,0,91
宜宾旅游,2025-01-02,129,59,70
宜宾旅游,2025-01-03,83,0,83
宜宾旅游,2025-01-04,89,0,89
宜宾旅游,2025-01-05,130,59,71
宜宾旅游,2025-01-06,147,68,79
宜宾旅游,2025-01-07,143,64,79
宜宾旅游,2025-01-08,139,59,80
宜宾旅游,2025-01-09,143,72,71
宜宾旅游,2025-01-10,150,70,80
宜宾旅游,2025-01-11,150,57,93
宜宾旅游,2025-01-12,159,63,96
宜宾旅游,2025-01-13,162,70,92
宜宾旅游,2025-01-14,145,59,86
宜宾旅游,2025-01-15,136,63,73
宜宾旅游,2025-01-16,161,66,95
宜宾旅游,2025-01-17,160,68,92
宜宾旅游,2025-01-18,151,59,92
宜宾旅游,2025-01-19,148,59,89
宜宾旅游,2025-01-20,157,74,83
宜宾旅游,2025-01-21,151,64,87
宜宾旅游,2025-01-22,139,66,73
宜宾旅游,2025-01-23,141,61,80
宜宾旅游,2025-01-24,149,66,83
宜宾旅游,2025-01-25,165,61,104
宜宾旅游,2025-01-26,159,64,95
宜宾旅游,2025-01-27,169,63,106
宜宾旅游,2025-01-28,157,57,100
宜宾旅游,2025-01-29,189,66,123
宜宾旅游,2025-01-30,204,59,145
宜宾旅游,2025-01-31,215,63,152
宜宾旅游,2025-02-01,188,57,131
宜宾旅游,2025-02-02,180,57,123
宜宾旅游,2025-02-03,154,57,97
宜宾旅游,2025-02-04,147,61,86
宜宾旅游,2025-02-05,144,64,80
宜宾旅游,2025-02-06,166,66,100
宜宾旅游,2025-02-07,141,63,78
宜宾旅游,2025-02-08,143,64,79
宜宾旅游,2025-02-09,150,59,91
宜宾旅游,2025-02-10,148,74,74
宜宾旅游,2025-02-11,148,66,82
宜宾旅游,2025-02-12,121,61,60
宜宾旅游,2025-02-13,142,63,79
宜宾旅游,2025-02-14,131,64,67
宜宾旅游,2025-02-15,135,57,78
宜宾旅游,2025-02-16,131,57,74
宜宾旅游,2025-02-17,132,61,71
宜宾旅游,2025-02-18,134,63,71
宜宾旅游,2025-02-19,152,70,82
宜宾旅游,2025-02-20,137,64,73
宜宾旅游,2025-02-21,125,59,66
宜宾旅游,2025-02-22,124,59,65
宜宾旅游,2025-02-23,132,59,73
宜宾旅游,2025-02-24,139,63,76
宜宾旅游,2025-02-25,170,70,100
宜宾旅游,2025-02-26,145,80,65
宜宾旅游,2025-02-27,144,68,76
宜宾旅游,2025-02-28,158,74,84
宜宾旅游,2025-03-01,73,0,73
宜宾旅游,2025-03-02,76,0,76
宜宾旅游,2025-03-03,149,63,86
宜宾旅游,2025-03-04,146,63,83
宜宾旅游,2025-03-05,150,68,82
宜宾旅游,2025-03-06,131,61,70
宜宾旅游,2025-03-07,151,68,83
宜宾旅游,2025-03-08,124,57,67
宜宾旅游,2025-03-09,137,57,80
宜宾旅游,2025-03-10,139,61,78
宜宾旅游,2025-03-11,135,66,69
宜宾旅游,2025-03-12,152,61,91
宜宾旅游,2025-03-13,172,64,108
宜宾旅游,2025-03-14,144,61,83
宜宾旅游,2025-03-15,84,0,84
宜宾旅游,2025-03-16,74,0,74
宜宾旅游,2025-03-17,146,66,80
宜宾旅游,2025-03-18,139,63,76
宜宾旅游,2025-03-19,132,59,73
宜宾旅游,2025-03-20,140,66,74
宜宾旅游,2025-03-21,146,64,82
宜宾旅游,2025-03-22,143,61,82
宜宾旅游,2025-03-23,84,0,84
宜宾旅游,2025-03-24,131,57,74
宜宾旅游,2025-03-25,148,59,89
宜宾旅游,2025-03-26,138,59,79
宜宾旅游,2025-03-27,150,61,89
宜宾旅游,2025-03-28,168,66,102
宜宾旅游,2025-03-29,89,0,89
宜宾旅游,2025-03-30,146,57,89
宜宾旅游,2025-03-31,157,74,83
宜宾旅游,2025-04-01,178,74,104
宜宾旅游,2025-04-02,172,68,104
宜宾旅游,2025-04-03,187,78,109
宜宾旅游,2025-04-04,180,57,123
宜宾旅游,2025-04-05,156,57,99
宜宾旅游,2025-04-06,92,0,92
宜宾旅游,2025-04-07,167,78,89
宜宾旅游,2025-04-08,149,70,79
宜宾旅游,2025-04-09,160,61,99
宜宾旅游,2025-04-10,171,74,97
宜宾旅游,2025-04-11,139,63,76
宜宾旅游,2025-04-12,150,57,93
宜宾旅游,2025-04-13,93,0,93
宜宾旅游,2025-04-14,187,78,109
宜宾旅游,2025-04-15,168,72,96
宜宾旅游,2025-04-16,170,70,100
宜宾旅游,2025-04-17,176,70,106
宜宾旅游,2025-04-18,172,68,104
宜宾旅游,2025-04-19,151,59,92
宜宾旅游,2025-04-20,148,59,89
宜宾旅游,2025-04-21,156,72,84
宜宾旅游,2025-04-22,162,78,84
宜宾旅游,2025-04-23,173,76,97
宜宾旅游,2025-04-24,167,76,91
宜宾旅游,2025-04-25,195,72,123
宜宾旅游,2025-04-26,176,63,113
宜宾旅游,2025-04-27,189,66,123
宜宾旅游,2025-04-28,212,78,134
宜宾旅游,2025-04-29,244,95,149
宜宾旅游,2025-04-30,236,89,147
宜宾旅游,2025-05-01,207,59,148
宜宾旅游,2025-05-02,223,63,160
宜宾旅游,2025-05-03,187,57,130
宜宾旅游,2025-05-04,154,61,93
宜宾旅游,2025-05-05,154,57,97
宜宾旅游,2025-05-06,152,63,89
宜宾旅游,2025-05-07,227,76,151
宜宾旅游,2025-05-08,274,70,204
宜宾旅游,2025-05-09,253,68,185
宜宾旅游,2025-05-10,175,57,118
宜宾旅游,2025-05-11,105,0,105
宜宾旅游,2025-05-12,105,0,105
宜宾旅游,2025-05-13,176,70,106
宜宾旅游,2025-05-14,173,63,110
宜宾旅游,2025-05-15,161,70,91
宜宾旅游,2025-05-16,172,70,102
宜宾旅游,2025-05-17,156,59,97
宜宾旅游,2025-05-18,76,0,76
宜宾旅游,2025-05-19,136,66,70
宜宾旅游,2025-05-20,133,59,74
宜宾旅游,2025-05-21,140,70,70
宜宾旅游,2025-05-22,159,64,95
宜宾旅游,2025-05-23,96,0,96
宜宾旅游,2025-05-24,128,57,71
宜宾旅游,2025-05-25,146,63,83
宜宾旅游,2025-05-26,152,63,89
宜宾旅游,2025-05-27,148,68,80
宜宾旅游,2025-05-28,150,64,86
宜宾旅游,2025-05-29,150,72,78
宜宾旅游,2025-05-30,165,68,97
宜宾旅游,2025-05-31,86,0,86
宜宾旅游,2025-06-01,74,0,74
宜宾旅游,2025-06-02,83,0,83
宜宾旅游,2025-06-03,153,74,79
宜宾旅游,2025-06-04,148,70,78
宜宾旅游,2025-06-05,145,66,79
宜宾旅游,2025-06-06,135,59,76
宜宾旅游,2025-06-07,137,57,80
宜宾旅游,2025-06-08,136,57,79
宜宾旅游,2025-06-09,147,61,86
宜宾旅游,2025-06-10,165,63,102
宜宾旅游,2025-06-11,141,72,69
宜宾旅游,2025-06-12,140,61,79
宜宾旅游,2025-06-13,141,63,78
宜宾旅游,2025-06-14,140,57,83
宜宾旅游,2025-06-15,133,57,76
宜宾旅游,2025-06-16,142,68,74
宜宾旅游,2025-06-17,154,63,91
宜宾旅游,2025-06-18,147,64,83
宜宾旅游,2025-06-19,149,70,79
宜宾旅游,2025-06-20,159,66,93
宜宾旅游,2025-06-21,148,59,89
宜宾旅游,2025-06-22,86,0,86
宜宾旅游,2025-06-23,129,68,61
宜宾旅游,2025-06-24,134,63,71
宜宾旅游,2025-06-25,146,70,76
宜宾旅游,2025-06-26,151,68,83
宜宾旅游,2025-06-27,153,64,89
宜宾旅游,2025-06-28,140,57,83
宜宾旅游,2025-06-29,69,0,69
宜宾旅游,2025-06-30,137,64,73
宜宾旅游,2025-07-01,145,66,79
宜宾旅游,2025-07-02,161,68,93
宜宾旅游,2025-07-03,133,57,76
宜宾旅游,2025-07-04,152,59,93
宜宾旅游,2025-07-05,144,57,87
宜宾旅游,2025-07-06,137,63,74
宜宾旅游,2025-07-07,143,61,82
宜宾旅游,2025-07-08,137,66,71
宜宾旅游,2025-07-09,128,63,65
宜宾旅游,2025-07-10,135,61,74
宜宾旅游,2025-07-11,137,59,78
宜宾旅游,2025-07-12,157,57,100
宜宾旅游,2025-07-13,127,57,70
宜宾旅游,2025-07-14,149,70,79
宜宾旅游,2025-07-15,146,63,83
宜宾旅游,2025-07-16,146,66,80
宜宾旅游,2025-07-17,137,59,78
宜宾旅游,2025-07-18,140,61,79
宜宾旅游,2025-07-19,138,59,79
宜宾旅游,2025-07-20,84,0,84
宜宾旅游,2025-07-21,131,61,70
宜宾旅游,2025-07-22,146,68,78
宜宾旅游,2025-07-23,139,61,78
宜宾旅游,2025-07-24,141,61,80
宜宾旅游,2025-07-25,150,63,87
宜宾旅游,2025-07-26,150,61,89
宜宾旅游,2025-07-27,143,57,86
宜宾旅游,2025-07-28,158,66,92
宜宾旅游,2025-07-29,150,64,86
宜宾旅游,2025-07-30,135,59,76
宜宾旅游,2025-07-31,154,59,95
宜宾旅游,2025-08-01,143,72,71
宜宾旅游,2025-08-02,127,57,70
宜宾旅游,2025-08-03,71,0,71
宜宾旅游,2025-08-04,142,63,79
宜宾旅游,2025-08-05,158,76,82
宜宾旅游,2025-08-06,158,63,95
宜宾旅游,2025-08-07,144,70,74
宜宾旅游,2025-08-08,152,68,84
宜宾旅游,2025-08-09,141,57,84
宜宾旅游,2025-08-10,147,63,84
宜宾旅游,2025-08-11,173,64,109
宜宾旅游,2025-08-12,151,72,79
宜宾旅游,2025-08-13,162,70,92
宜宾旅游,2025-08-14,147,64,83
宜宾旅游,2025-08-15,149,57,92
宜宾旅游,2025-08-16,152,57,95
宜宾旅游,2025-08-17,71,0,71
宜宾旅游,2025-08-18,133,59,74
宜宾旅游,2025-08-19,139,66,73
宜宾旅游,2025-08-20,140,64,76
宜宾旅游,2025-08-21,144,66,78
宜宾旅游,2025-08-22,142,68,74
宜宾旅游,2025-08-23,135,61,74
宜宾旅游,2025-08-24,126,57,69
宜宾旅游,2025-08-25,133,63,70
宜宾旅游,2025-08-26,137,59,78
宜宾旅游,2025-08-27,142,68,74
宜宾旅游,2025-08-28,63,0,63
宜宾旅游,2025-08-29,132,63,69
宜宾旅游,2025-08-30,141,61,80
宜宾旅游,2025-08-31,132,59,73
宜宾旅游,2025-09-01,133,64,69
宜宾旅游,2025-09-02,119,59,60
宜宾旅游,2025-09-03,126,61,65
宜宾旅游,2025-09-04,137,59,78
宜宾旅游,2025-09-05,134,61,73
宜宾旅游,2025-09-06,154,61,93
宜宾旅游,2025-09-07,138,59,79
宜宾旅游,2025-09-08,128,59,69
宜宾旅游,2025-09-09,147,76,71
宜宾旅游,2025-09-10,168,63,105
宜宾旅游,2025-09-11,137,64,73
宜宾旅游,2025-09-12,147,61,86
宜宾旅游,2025-09-13,139,57,82
宜宾旅游,2025-09-14,130,57,73
宜宾旅游,2025-09-15,145,76,69
宜宾旅游,2025-09-16,148,74,74
宜宾旅游,2025-09-17,133,66,67
宜宾旅游,2025-09-18,144,70,74
宜宾旅游,2025-09-19,150,63,87
宜宾旅游,2025-09-20,162,63,99
宜宾旅游,2025-09-21,153,61,92
宜宾旅游,2025-09-22,141,72,69
宜宾旅游,2025-09-23,148,66,82
宜宾旅游,2025-09-24,156,74,82
宜宾旅游,2025-09-25,172,76,96
宜宾旅游,2025-09-26,178,74,104
宜宾旅游,2025-09-27,156,64,92
宜宾旅游,2025-09-28,173,74,99
宜宾旅游,2025-09-29,188,83,105
宜宾旅游,2025-09-30,214,70,144
宜宾旅游,2025-10-01,205,64,141
宜宾旅游,2025-10-02,220,61,159
宜宾旅游,2025-10-03,212,57,155
宜宾旅游,2025-10-04,190,59,131
宜宾旅游,2025-10-05,180,63,117
宜宾旅游,2025-10-06,152,57,95
宜宾旅游,2025-10-07,165,59,106
宜宾旅游,2025-10-08,128,57,71
宜宾旅游,2025-10-09,160,68,92
宜宾旅游,2025-10-10,139,61,78
宜宾旅游,2025-10-11,124,63,61
宜宾旅游,2025-10-12,71,0,71
宜宾旅游,2025-10-13,152,63,89
宜宾旅游,2025-10-14,137,59,78
宜宾旅游,2025-10-15,148,61,87
宜宾旅游,2025-10-16,136,57,79
宜宾旅游,2025-10-17,142,64,78
宜宾旅游,2025-10-18,137,59,78
宜宾旅游,2025-10-19,145,59,86
宜宾旅游,2025-10-20,130,57,73
宜宾旅游,2025-10-21,150,63,87
宜宾旅游,2025-10-22,141,61,80
宜宾旅游,2025-10-23,100,0,100
宜宾旅游,2025-10-24,126,57,69
宜宾旅游,2025-10-25,87,0,87
宜宾旅游,2025-10-26,69,0,69
宜宾旅游,2025-10-27,128,61,67
宜宾旅游,2025-10-28,143,57,86
宜宾旅游,2025-10-29,143,61,82
宜宾旅游,2025-10-30,133,64,69
宜宾旅游,2025-10-31,79,0,79
宜宾旅游,2025-11-01,128,57,71
宜宾旅游,2025-11-02,78,0,78
宜宾旅游,2025-11-03,148,66,82
宜宾旅游,2025-11-04,135,57,78
宜宾旅游,2025-11-05,123,57,66
宜宾旅游,2025-11-06,69,0,69
宜宾旅游,2025-11-07,134,61,73
宜宾旅游,2025-11-08,133,59,74
宜宾旅游,2025-11-09,135,57,78
宜宾旅游,2025-11-10,152,68,84
宜宾旅游,2025-11-11,138,59,79
宜宾旅游,2025-11-12,145,66,79
宜宾旅游,2025-11-13,135,61,74
宜宾旅游,2025-11-14,143,59,84
宜宾旅游,2025-11-15,78,0,78
宜宾旅游,2025-11-16,143,59,84
宜宾旅游,2025-11-17,136,57,79
宜宾旅游,2025-11-18,130,59,71
宜宾旅游,2025-11-19,137,63,74
宜宾旅游,2025-11-20,146,63,83
宜宾旅游,2025-11-21,130,59,71
宜宾旅游,2025-11-22,63,0,63
宜宾旅游,2025-11-23,130,61,69
宜宾旅游,2025-11-24,126,61,65
宜宾旅游,2025-11-25,124,59,65
宜宾旅游,2025-11-26,119,61,58
宜宾旅游,2025-11-27,126,59,67
宜宾旅游,2025-11-28,128,61,67
宜宾旅游,2025-11-29,135,57,78
宜宾旅游,2025-11-30,0,0,0
宜宾旅游,2025-12-01,123,57,66
宜宾旅游,2025-12-02,124,61,63
宜宾旅游,2025-12-03,120,57,63
宜宾旅游,2025-12-04,67,0,67
宜宾旅游,2025-12-05,122,61,61
宜宾旅游,2025-12-06,63,0,63
宜宾旅游,2025-12-07,61,0,61
宜宾旅游,2025-12-08,122,57,65
宜宾旅游,2025-12-09,143,63,80
宜宾旅游,2025-12-10,129,59,70
宜宾旅游,2025-12-11,128,57,71
宜宾旅游,2025-12-12,133,63,70
宜宾旅游,2025-12-13,73,0,73
宜宾旅游,2025-12-14,78,0,78
宜宾旅游,2025-12-15,135,57,78
宜宾旅游,2025-12-16,137,59,78
宜宾旅游,2025-12-17,144,61,83
宜宾旅游,2025-12-18,139,63,76
宜宾旅游,2025-12-19,146,57,89
宜宾旅游,2025-12-20,132,59,73
宜宾旅游,2025-12-21,130,57,73
宜宾旅游,2025-12-22,146,59,87
宜宾旅游,2025-12-23,154,57,97
宜宾旅游,2025-12-24,152,61,91
宜宾旅游,2025-12-25,130,0,130
宜宾旅游,2025-12-26,159,63,96
宜宾旅游,2025-12-27,139,59,80
宜宾旅游,2025-12-28,162,66,96
宜宾旅游,2025-12-29,164,64,100
宜宾旅游,2025-12-30,168,66,102
宜宾旅游,2025-12-31,152,63,89
宜宾旅游,2026-01-01,89,0,89
宜宾旅游,2026-01-02,96,0,96
宜宾旅游,2026-01-03,150,57,93
宜宾旅游,2026-01-04,140,57,83
宜宾旅游,2026-01-05,150,64,86
宜宾旅游,2026-01-06,143,61,82
宜宾旅游,2026-01-07,137,57,80
宜宾旅游,2026-01-08,153,57,96
宜宾旅游,2026-01-09,156,64,92
宜宾旅游,2026-01-10,140,57,83
宜宾旅游,2026-01-11,102,0,102
宜宾旅游,2026-01-12,160,61,99
宜宾旅游,2026-01-13,161,57,104
宜宾旅游,2026-01-14,150,61,89
宜宾旅游,2026-01-15,152,61,91
宜宾旅游,2026-01-16,141,63,78
宜宾旅游,2026-01-17,129,59,70
宜宾旅游,2026-01-18,130,57,73
宜宾旅游,2026-01-19,144,61,83
宜宾旅游,2026-01-20,136,57,79
宜宾旅游,2026-01-21,122,61,61
宜宾旅游,2026-01-22,133,63,70
宜宾旅游,2026-01-23,140,66,74
宜宾旅游,2026-01-24,135,57,78
宜宾旅游,2026-01-25,127,57,70
宜宾旅游,2026-01-26,151,59,92
宜宾旅游,2026-01-27,140,64,76
宜宾旅游,2026-01-28,140,64,76
宜宾旅游,2026-01-29,132,61,71
宜宾旅游,2026-01-30,118,57,61
宜宾旅游,2026-01-31,143,57,86
宜宾旅游,2026-02-01,131,57,74
宜宾旅游,2026-02-02,137,64,73
宜宾旅游,2026-02-03,138,68,70
宜宾旅游,2026-02-04,141,61,80
宜宾旅游,2026-02-05,92,0,92
宜宾旅游,2026-02-06,165,74,91
宜宾旅游,2026-02-07,157,64,93
宜宾旅游,2026-02-08,130,57,73
宜宾旅游,2026-02-09,142,66,76
宜宾旅游,2026-02-10,140,64,76
宜宾旅游,2026-02-11,155,64,91
宜宾旅游,2026-02-12,135,66,69
宜宾旅游,2026-02-13,150,64,86
宜宾旅游,2026-02-14,168,66,102
宜宾旅游,2026-02-15,96,0,96
宜宾旅游,2026-02-16,240,64,176
宜宾旅游,2026-02-17,225,64,161
宜宾旅游,2026-02-18,221,59,162
宜宾旅游,2026-02-19,204,59,145
宜宾旅游,2026-02-20,186,61,125
宜宾旅游,2026-02-21,190,64,126
宜宾旅游,2026-02-22,96,0,96
宜宾旅游,2026-02-23,144,57,87
宜宾旅游,2026-02-24,144,66,78
宜宾旅游,2026-02-25,139,61,78
宜宾旅游,2026-02-26,141,61,80
宜宾旅游,2026-02-27,146,59,87
宜宾旅游,2026-02-28,142,59,83
宜宾旅游,2026-03-01,124,61,63
宜宾旅游,2026-03-02,65,0,65
宜宾旅游,2026-03-03,129,59,70
宜宾旅游,2026-03-04,126,57,69
宜宾旅游,2026-03-05,139,61,78
宜宾旅游,2026-03-06,133,64,69
宜宾旅游,2026-03-07,146,63,83
宜宾旅游,2026-03-08,139,59,80
宜宾旅游,2026-03-09,142,66,76
宜宾旅游,2026-03-10,129,59,70
宜宾旅游,2026-03-11,132,63,69
宜宾旅游,2026-03-12,73,0,73
宜宾旅游,2026-03-13,134,63,71
宜宾旅游,2026-03-14,130,57,73
宜宾旅游,2026-03-15,74,0,74
宜宾旅游,2026-03-16,167,61,106
宜宾旅游,2026-03-17,140,57,83
宜宾旅游,2026-03-18,137,59,78
宜宾旅游,2026-03-19,137,64,73
宜宾旅游,2026-03-20,150,63,87
宜宾旅游,2026-03-21,80,0,80
宜宾旅游,2026-03-22,144,57,87
宜宾旅游,2026-03-23,148,61,87
宜宾旅游,2026-03-24,136,57,79
宜宾旅游,2026-03-25,141,63,78
宜宾旅游,2026-03-26,143,61,82
宜宾旅游,2026-03-27,148,68,80
宜宾旅游,2026-03-28,96,0,96
宜宾旅游,2026-03-29,87,0,87
宜宾旅游,2026-03-30,161,74,87
宜宾旅游,2026-03-31,177,72,105
宜宾旅游,2026-04-01,167,68,99
宜宾旅游,2026-04-02,177,68,109
宜宾旅游,2026-04-03,175,63,112
宜宾旅游,2026-04-04,162,57,105
宜宾旅游,2026-04-05,153,57,96
宜宾旅游,2026-04-06,141,59,82
宜宾旅游,2026-04-07,139,59,80
宜宾旅游,2026-04-08,139,63,76
宜宾旅游,2026-04-09,163,64,99
宜宾旅游,2026-04-10,165,70,95
宜宾旅游,2026-04-11,161,61,100
宜宾旅游,2026-04-12,83,0,83
宜宾旅游,2026-04-13,133,63,70
宜宾旅游,2026-04-14,143,63,80
宜宾旅游,2026-04-15,155,63,92
宜宾旅游,2026-04-16,147,61,86
宜宾旅游,2026-04-17,135,61,74
宜宾旅游,2026-04-18,143,57,86
宜宾旅游,2026-04-19,163,63,100
宜宾旅游,2026-04-20,145,66,79
宜宾旅游,2026-04-21,148,59,89
宜宾旅游,2026-04-22,141,68,73
宜宾旅游,2026-04-23,161,61,100
宜宾旅游,2026-04-24,157,61,96
宜宾旅游,2026-04-25,139,59,80
宜宾旅游,2026-04-26,137,57,80
宜宾旅游,2026-04-27,168,68,100
宜宾旅游,2026-04-28,155,68,87
宜宾旅游,2026-04-29,178,68,110
宜宾旅游,2026-04-30,183,74,109
宜宾旅游,2026-05-01,166,61,105
宜宾旅游,2026-05-02,113,0,113
宜宾旅游,2026-05-03,93,0,93
宜宾旅游,2026-05-04,73,0,73
宜宾旅游,2026-05-05,120,57,63
宜宾旅游,2026-05-06,134,63,71
宜宾旅游,2026-05-07,140,57,83
宜宾旅游,2026-05-08,66,0,66
宜宾旅游,2026-05-09,78,0,78
宜宾旅游,2026-05-10,122,57,65
宜宾旅游,2026-05-11,136,57,79
宜宾旅游,2026-05-12,139,57,82
宜宾旅游,2026-05-13,136,57,79
宜宾旅游,2026-05-14,74,0,74
宜宾旅游,2026-05-15,150,59,91
宜宾旅游,2026-05-16,79,0,79
宜宾旅游,2026-05-17,70,0,70
宜宾旅游,2026-05-18,118,57,61
宜宾旅游,2026-05-19,131,61,70
宜宾旅游,2026-05-20,129,63,66
宜宾旅游,2026-05-21,128,59,69
宜宾旅游,2026-05-22,82,0,82
宜宾旅游,2026-05-23,125,59,66
宜宾旅游,2026-05-24,69,0,69
宜宾旅游,2026-05-25,127,57,70
宜宾旅游,2026-05-26,133,68,65
宜宾旅游,2026-05-27,126,57,69
宜宾旅游,2026-05-28,128,59,69
宜宾旅游,2026-05-29,137,57,80
宜宾旅游,2026-05-30,74,0,74
宜宾旅游,2026-05-31,79,0,79
宜宾旅游,2026-06-01,69,0,69
宜宾旅游,2026-06-02,136,63,73
宜宾旅游,2026-06-03,141,61,80
宜宾旅游,2026-06-04,160,64,96
宜宾旅游,2026-06-05,82,0,82
宜宾旅游,2026-06-06,71,0,71
宜宾旅游,2026-06-07,67,0,67
宜宾旅游,2026-06-08,134,61,73
宜宾旅游,2026-06-09,126,57,69
宜宾旅游,2026-06-10,133,59,74
宜宾旅游,2026-06-11,139,61,78
宜宾旅游,2026-06-12,130,57,73
宜宾旅游,2026-06-13,124,57,67
宜宾旅游,2026-06-14,84,0,84
宜宾旅游,2026-06-15,139,66,73
宜宾旅游,2026-06-16,132,59,73
宜宾旅游,2026-06-17,149,57,92
宜宾旅游,2026-06-18,138,59,79
宜宾旅游,2026-06-19,146,57,89
宜宾旅游,2026-06-20,137,59,78
宜宾旅游,2026-06-21,127,57,70
宜宾旅游,2026-06-22,122,57,65
宜宾旅游,2026-06-23,66,0,66
宜宾旅游,2026-06-24,67,0,67
宜宾旅游,2026-06-25,71,0,71
宜宾旅游,2026-06-26,127,57,70
宜宾旅游,2026-06-27,74,0,74
宜宾旅游,2026-06-28,82,0,82
宜宾旅游,2026-06-29,137,63,74
宜宾旅游,2026-06-30,130,59,71
宜宾旅游,2026-07-01,74,0,74
宜宾旅游,2026-07-02,135,64,71
宜宾旅游,2026-07-03,126,57,69
宜宾旅游,2026-07-04,133,57,76
宜宾旅游,2026-07-05,133,59,74
宜宾旅游,2026-07-06,122,61,61
宜宾旅游,2026-07-07,67,0,67
宜宾旅游,2026-07-08,122,57,65
宜宾旅游,2026-07-09,132,59,73
宜宾旅游,2026-07-10,124,57,67
宜宾旅游,2026-07-11,67,0,67
宜宾旅游,2026-07-12,76,0,76
宜宾旅游,2026-07-13,126,63,63
宜宾旅游,2026-07-14,126,63,63
宜宾旅游,2026-07-15,67,0,67
宜宾旅游,2026-07-16,126,59,67
宜宾旅游,2026-07-17,126,57,69
宜宾旅游,2026-07-18,86,0,86
宜宾旅游,2026-07-19,78,0,78
宜宾旅游,2026-07-20,135,59,76
宜宾旅游,2026-07-21,118,61,57
宜宾旅游,2026-07-22,125,59,66
宜宾旅游,2026-07-23,150,61,89
宜宾旅游,2026-07-24,150,63,87
宜宾旅游,2026-07-25,69,0,69
宜宾旅游,2026-07-26,133,57,76
宜宾旅游,2026-07-27,145,59,86
宜宾旅游,2026-07-28,135,57,78
宜宾旅游,2026-07-29,130,63,67
宜宾旅游,2026-07-30,135,57,78
宜宾旅游,2026-07-31,135,59,76
宜宾旅游,2026-08-01,146,57,89
宜宾旅游,2026-08-02,137,57,80
宜宾旅游,2026-08-03,132,59,73
宜宾旅游,2026-08-04,136,57,79
宜宾旅游,2026-08-05,139,66,73
宜宾旅游,2026-08-06,131,57,74
宜宾旅游,2026-08-07,80,0,80
宜宾旅游,2026-08-08,79,0,79
宜宾旅游,2026-08-09,70,0,70
宜宾旅游,2026-08-10,137,59,78
宜宾旅游,2026-08-11,128,57,71
宜宾旅游,2026-08-12,138,59,79
宜宾旅游,2026-08-13,127,57,70
宜宾旅游,2026-08-14,122,59,63
宜宾旅游,2026-08-15,71,0,71
宜宾旅游,2026-08-16,125,59,66
宜宾旅游,2026-08-17,139,61,78
宜宾旅游,2026-08-18,128,57,71
宜宾旅游,2026-08-19,132,59,73
宜宾旅游,2026-08-20,73,0,73
宜宾旅游,2026-08-21,66,0,66
宜宾旅游,2026-08-22,0,0,0
宜宾旅游,2026-08-23,0,0,0
宜宾旅游,2026-08-24,67,0,67
宜宾旅游,2026-08-25,120,59,61
宜宾旅游,2026-08-26,124,59,65
宜宾旅游,2026-08-27,127,61,66
宜宾旅游,2026-08-28,0,0,0
宜宾旅游,2026-08-29,0,0,0
宜宾旅游,2026-08-30,61,0,61
宜宾旅游,2026-08-31,124,61,63
宜宾旅游,2026-09-01,0,0,0
宜宾旅游,2026-09-02,123,57,66
宜宾旅游,2026-09-03,128,61,67
宜宾旅游,2026-09-04,124,61,63
宜宾旅游,2026-09-05,70,0,70
宜宾旅游,2026-09-06,63,0,63
宜宾旅游,2026-09-07,120,59,61
宜宾旅游,2026-09-08,122,59,63
宜宾旅游,2026-09-09,63,0,63
宜宾旅游,2026-09-10,148,57,91
宜宾旅游,2026-09-11,67,0,67
宜宾旅游,2026-09-12,82,0,82
宜宾旅游,2026-09-13,78,0,78
李庄古镇,2022-01-01,268,64,204
李庄古镇,2022-01-02,281,64,217
李庄古镇,2022-01-03,206,63,143
李庄古镇,2022-01-04,210,74,136
李庄古镇,2022-01-05,199,68,131
李庄古镇,2022-01-06,214,83,131
李庄古镇,2022-01-07,148,0,148
李庄古镇,2022-01-08,208,70,138
李庄古镇,2022-01-09,221,66,155
李庄古镇,2022-01-10,198,72,126
李庄古镇,2022-01-11,203,72,131
李庄古镇,2022-01-12,186,64,122
李庄古镇,2022-01-13,176,61,115
李庄古镇,2022-01-14,234,66,168
李庄古镇,2022-01-15,143,0,143
李庄古镇,2022-01-16,252,95,157
李庄古镇,2022-01-17,240,76,164
李庄古镇,2022-01-18,199,64,135
李庄古镇,2022-01-19,210,72,138
李庄古镇,2022-01-20,231,87,144
李庄古镇,2022-01-21,202,61,141
李庄古镇,2022-01-22,212,61,151
李庄古镇,2022-01-23,238,61,177
李庄古镇,2022-01-24,237,80,157
李庄古镇,2022-01-25,224,72,152
李庄古镇,2022-01-26,225,70,155
李庄古镇,2022-01-27,230,76,154
李庄古镇,2022-01-28,224,72,152
李庄古镇,2022-01-29,248,66,182
李庄古镇,2022-01-30,267,61,206
李庄古镇,2022-01-31,236,59,177
李庄古镇,2022-02-01,334,68,266
李庄古镇,2022-02-02,430,68,362
李庄古镇,2022-02-03,606,68,538
李庄古镇,2022-02-04,597,66,531
李庄古镇,2022-02-05,500,59,441
李庄古镇,2022-02-06,383,59,324
李庄古镇,2022-02-07,329,76,253
李庄古镇,2022-02-08,339,83,256
李庄古镇,2022-02-09,348,95,253
李庄古镇,2022-02-10,340,87,253
李庄古镇,2022-02-11,433,99,334
李庄古镇,2022-02-12,386,76,310
李庄古镇,2022-02-13,429,78,351
李庄古镇,2022-02-14,395,97,298
李庄古镇,2022-02-15,357,80,277
李庄古镇,2022-02-16,310,78,232
李庄古镇,2022-02-17,287,83,204
李庄古镇,2022-02-18,291,118,173
李庄古镇,2022-02-19,272,66,206
李庄古镇,2022-02-20,269,61,208
李庄古镇,2022-02-21,268,91,177
李庄古镇,2022-02-22,231,87,144
李庄古镇,2022-02-23,249,89,160
李庄古镇,2022-02-24,259,70,189
李庄古镇,2022-02-25,253,83,170
李庄古镇,2022-02-26,259,64,195
李庄古镇,2022-02-27,306,70,236
李庄古镇,2022-02-28,268,83,185
李庄古镇,2022-03-01,277,80,197
李庄古镇,2022-03-02,268,89,179
李庄古镇,2022-03-03,290,76,214
李庄古镇,2022-03-04,290,82,208
李庄古镇,2022-03-05,294,76,218
李庄古镇,2022-03-06,323,70,253
李庄古镇,2022-03-07,333,99,234
李庄古镇,2022-03-08,350,97,253
李庄古镇,2022-03-09,325,78,247
李庄古镇,2022-03-10,287,97,190
李庄古镇,2022-03-11,315,87,228
李庄古镇,2022-03-12,311,66,245
李庄古镇,2022-03-13,338,85,253
李庄古镇,2022-03-14,323,99,224
李庄古镇,2022-03-15,274,97,177
李庄古镇,2022-03-16,244,74,170
李庄古镇,2022-03-17,245,87,158
李庄古镇,2022-03-18,278,95,183
李庄古镇,2022-03-19,275,74,201
李庄古镇,2022-03-20,268,72,196
李庄古镇,2022-03-21,267,102,165
李庄古镇,2022-03-22,235,80,155
李庄古镇,2022-03-23,247,87,160
李庄古镇,2022-03-24,264,91,173
李庄古镇,2022-03-25,278,78,200
李庄古镇,2022-03-26,352,95,257
李庄古镇,2022-03-27,286,78,208
李庄古镇,2022-03-28,256,83,173
李庄古镇,2022-03-29,280,97,183
李庄古镇,2022-03-30,283,97,186
李庄古镇,2022-03-31,294,91,203
李庄古镇,2022-04-01,289,87,202
李庄古镇,2022-04-02,293,76,217
李庄古镇,2022-04-03,415,74,341
李庄古镇,2022-04-04,295,64,231
李庄古镇,2022-04-05,298,70,228
李庄古镇,2022-04-06,247,76,171
李庄古镇,2022-04-07,237,70,167
李庄古镇,2022-04-08,234,70,164
李庄古镇,2022-04-09,229,74,155
李庄古镇,2022-04-10,256,76,180
李庄古镇,2022-04-11,257,80,177
李庄古镇,2022-04-12,272,80,192
李庄古镇,2022-04-13,255,82,173
李庄古镇,2022-04-14,239,76,163
李庄古镇,2022-04-15,265,83,182
李庄古镇,2022-04-16,265,78,187
李庄古镇,2022-04-17,255,74,181
李庄古镇,2022-04-18,265,78,187
李庄古镇,2022-04-19,295,121,174
李庄古镇,2022-04-20,277,93,184
李庄古镇,2022-04-21,246,72,174
李庄古镇,2022-04-22,270,80,190
李庄古镇,2022-04-23,306,70,236
李庄古镇,2022-04-24,300,91,209
李庄古镇,2022-04-25,334,110,224
李庄古镇,2022-04-26,319,76,243
李庄古镇,2022-04-27,334,91,243
李庄古镇,2022-04-28,310,91,219
李庄古镇,2022-04-29,283,85,198
李庄古镇,2022-04-30,334,66,268
李庄古镇,2022-05-01,448,72,376
李庄古镇,2022-05-02,1425,74,1351
李庄古镇,2022-05-03,1402,83,1319
李庄古镇,2022-05-04,1175,66,1109
李庄古镇,2022-05-05,1021,101,920
李庄古镇,2022-05-06,294,74,220
李庄古镇,2022-05-07,276,83,193
李庄古镇,2022-05-08,215,0,215
李庄古镇,2022-05-09,309,104,205
李庄古镇,2022-05-10,2002,72,1930
李庄古镇,2022-05-11,1889,97,1792
李庄古镇,2022-05-12,1860,101,1759
李庄古镇,2022-05-13,2164,74,2090
李庄古镇,2022-05-14,2000,83,1917
李庄古镇,2022-05-15,1887,78,1809
李庄古镇,2022-05-16,1972,78,1894
李庄古镇,2022-05-17,2107,72,2035
李庄古镇,2022-05-18,1950,74,1876
李庄古镇,2022-05-19,1375,91,1284
李庄古镇,2022-05-20,1531,70,1461
李庄古镇,2022-05-21,1222,70,1152
李庄古镇,2022-05-22,2212,68,2144
李庄古镇,2022-05-23,2405,87,2318
李庄古镇,2022-05-24,2354,82,2272
李庄古镇,2022-05-25,2173,89,2084
李庄古镇,2022-05-26,2171,70,2101
李庄古镇,2022-05-27,2307,85,2222
李庄古镇,2022-05-28,2384,61,2323
李庄古镇,2022-05-29,2535,70,2465
李庄古镇,2022-05-30,2470,64,2406
李庄古镇,2022-05-31,1747,74,1673
李庄古镇,2022-06-01,2099,76,2023
李庄古镇,2022-06-02,1965,78,1887
李庄古镇,2022-06-03,2146,66,2080
李庄古镇,2022-06-04,2213,63,2150
李庄古镇,2022-06-05,2226,61,2165
李庄古镇,2022-06-06,2131,85,2046
李庄古镇,2022-06-07,1898,85,1813
李庄古镇,2022-06-08,1904,93,1811
李庄古镇,2022-06-09,1861,83,1778
李庄古镇,2022-06-10,1928,83,1845
李庄古镇,2022-06-11,2883,64,2819
李庄古镇,2022-06-12,2756,80,2676
李庄古镇,2022-06-13,3291,102,3189
李庄古镇,2022-06-14,3286,87,3199
李庄古镇,2022-06-15,2620,85,2535
李庄古镇,2022-06-16,3056,93,2963
李庄古镇,2022-06-17,2310,80,2230
李庄古镇,2022-06-18,1692,70,1622
李庄古镇,2022-06-19,1786,72,1714
李庄古镇,2022-06-20,1552,97,1455
李庄古镇,2022-06-21,2065,83,1982
李庄古镇,2022-06-22,2037,89,1948
李庄古镇,2022-06-23,1847,72,1775
李庄古镇,2022-06-24,1387,78,1309
李庄古镇,2022-06-25,1285,72,1213
李庄古镇,2022-06-26,1296,72,1224
李庄古镇,2022-06-27,1852,87,1765
李庄古镇,2022-06-28,1136,85,1051
李庄古镇,2022-06-29,1159,80,1079
李庄古镇,2022-06-30,271,82,189
李庄古镇,2022-07-01,294,82,212
李庄古镇,2022-07-02,345,89,256
李庄古镇,2022-07-03,313,74,239
李庄古镇,2022-07-04,285,93,192
李庄古镇,2022-07-05,274,91,183
李庄古镇,2022-07-06,242,78,164
李庄古镇,2022-07-07,267,89,178
李庄古镇,2022-07-08,255,76,179
李庄古镇,2022-07-09,268,72,196
李庄古镇,2022-07-10,259,72,187
李庄古镇,2022-07-11,354,83,271
李庄古镇,2022-07-12,331,85,246
李庄古镇,2022-07-13,690,112,578
李庄古镇,2022-07-14,389,82,307
李庄古镇,2022-07-15,753,87,666
李庄古镇,2022-07-16,336,70,266
李庄古镇,2022-07-17,983,97,886
李庄古镇,2022-07-18,375,83,292
李庄古镇,2022-07-19,367,99,268
李庄古镇,2022-07-20,341,74,267
李庄古镇,2022-07-21,345,82,263
李庄古镇,2022-07-22,327,68,259
李庄古镇,2022-07-23,356,61,295
李庄古镇,2022-07-24,338,70,268
李庄古镇,2022-07-25,296,72,224
李庄古镇,2022-07-26,257,80,177
李庄古镇,2022-07-27,310,93,217
李庄古镇,2022-07-28,275,80,195
李庄古镇,2022-07-29,252,68,184
李庄古镇,2022-07-30,297,70,227
李庄古镇,2022-07-31,313,63,250
李庄古镇,2022-08-01,280,83,197
李庄古镇,2022-08-02,268,64,204
李庄古镇,2022-08-03,321,74,247
李庄古镇,2022-08-04,300,72,228
李庄古镇,2022-08-05,320,70,250
李庄古镇,2022-08-06,364,72,292
李庄古镇,2022-08-07,332,66,266
李庄古镇,2022-08-08,326,66,260
李庄古镇,2022-08-09,340,80,260
李庄古镇,2022-08-10,301,63,238
李庄古镇,2022-08-11,288,70,218
李庄古镇,2022-08-12,281,64,217
李庄古镇,2022-08-13,305,74,231
李庄古镇,2022-08-14,276,64,212
李庄古镇,2022-08-15,304,95,209
李庄古镇,2022-08-16,287,70,217
李庄古镇,2022-08-17,291,80,211
李庄古镇,2022-08-18,284,80,204
李庄古镇,2022-08-19,255,66,189
李庄古镇,2022-08-20,282,78,204
李庄古镇,2022-08-21,285,66,219
李庄古镇,2022-08-22,290,85,205
李庄古镇,2022-08-23,288,80,208
李庄古镇,2022-08-24,284,80,204
李庄古镇,2022-08-25,267,74,193
李庄古镇,2022-08-26,255,72,183
李庄古镇,2022-08-27,300,68,232
李庄古镇,2022-08-28,262,63,199
李庄古镇,2022-08-29,277,82,195
李庄古镇,2022-08-30,316,85,231
李庄古镇,2022-08-31,263,68,195
李庄古镇,2022-09-01,265,72,193
李庄古镇,2022-09-02,248,68,180
李庄古镇,2022-09-03,215,63,152
李庄古镇,2022-09-04,267,63,204
李庄古镇,2022-09-05,226,66,160
李庄古镇,2022-09-06,211,63,148
李庄古镇,2022-09-07,221,63,158
李庄古镇,2022-09-08,227,68,159
李庄古镇,2022-09-09,216,64,152
李庄古镇,2022-09-10,230,63,167
李庄古镇,2022-09-11,228,63,165
李庄古镇,2022-09-12,240,64,176
李庄古镇,2022-09-13,292,87,205
李庄古镇,2022-09-14,274,91,183
李庄古镇,2022-09-15,234,64,170
李庄古镇,2022-09-16,239,72,167
李庄古镇,2022-09-17,208,61,147
李庄古镇,2022-09-18,247,66,181
李庄古镇,2022-09-19,271,78,193
李庄古镇,2022-09-20,230,70,160
李庄古镇,2022-09-21,251,78,173
李庄古镇,2022-09-22,221,80,141
李庄古镇,2022-09-23,218,63,155
李庄古镇,2022-09-24,159,0,159
李庄古镇,2022-09-25,223,72,151
李庄古镇,2022-09-26,223,74,149
李庄古镇,2022-09-27,227,68,159
李庄古镇,2022-09-28,333,99,234
李庄古镇,2022-09-29,387,116,271
李庄古镇,2022-09-30,237,78,159
李庄古镇,2022-10-01,286,66,220
李庄古镇,2022-10-02,347,63,284
李庄古镇,2022-10-03,434,72,362
李庄古镇,2022-10-04,351,64,287
李庄古镇,2022-10-05,328,64,264
李庄古镇,2022-10-06,344,64,280
李庄古镇,2022-10-07,341,72,269
李庄古镇,2022-10-08,248,82,166
李庄古镇,2022-10-09,252,76,176
李庄古镇,2022-10-10,235,70,165
李庄古镇,2022-10-11,269,95,174
李庄古镇,2022-10-12,244,76,168
李庄古镇,2022-10-13,243,83,160
李庄古镇,2022-10-14,207,63,144
李庄古镇,2022-10-15,261,66,195
李庄古镇,2022-10-16,234,64,170
李庄古镇,2022-10-17,245,74,171
李庄古镇,2022-10-18,244,82,162
李庄古镇,2022-10-19,246,64,182
李庄古镇,2022-10-20,233,74,159
李庄古镇,2022-10-21,219,64,155
李庄古镇,2022-10-22,233,63,170
李庄古镇,2022-10-23,275,64,211
李庄古镇,2022-10-24,237,72,165
李庄古镇,2022-10-25,254,78,176
李庄古镇,2022-10-26,257,80,177
李庄古镇,2022-10-27,263,78,185
李庄古镇,2022-10-28,239,68,171
李庄古镇,2022-10-29,252,70,182
李庄古镇,2022-10-30,237,63,174
李庄古镇,2022-10-31,222,64,158
李庄古镇,2022-11-01,275,78,197
李庄古镇,2022-11-02,244,64,180
李庄古镇,2022-11-03,277,87,190
李庄古镇,2022-11-04,225,82,143
李庄古镇,2022-11-05,261,68,193
李庄古镇,2022-11-06,278,66,212
李庄古镇,2022-11-07,269,70,199
李庄古镇,2022-11-08,229,64,165
李庄古镇,2022-11-09,292,95,197
李庄古镇,2022-11-10,250,68,182
李庄古镇,2022-11-11,253,82,171
李庄古镇,2022-11-12,260,61,199
李庄古镇,2022-11-13,242,68,174
李庄古镇,2022-11-14,268,72,196
李庄古镇,2022-11-15,260,83,177
李庄古镇,2022-11-16,290,78,212
李庄古镇,2022-11-17,240,66,174
李庄古镇,2022-11-18,261,78,183
李庄古镇,2022-11-19,307,68,239
李庄古镇,2022-11-20,274,68,206
李庄古镇,2022-11-21,266,93,173
李庄古镇,2022-11-22,232,74,158
李庄古镇,2022-11-23,229,78,151
李庄古镇,2022-11-24,223,66,157
李庄古镇,2022-11-25,222,63,159
李庄古镇,2022-11-26,256,61,195
李庄古镇,2022-11-27,281,76,205
李庄古镇,2022-11-28,293,85,208
李庄古镇,2022-11-29,316,78,238
李庄古镇,2022-11-30,233,70,163
李庄古镇,2022-12-01,227,80,147
李庄古镇,2022-12-02,263,68,195
李庄古镇,2022-12-03,240,78,162
李庄古镇,2022-12-04,246,64,182
李庄古镇,2022-12-05,213,70,143
李庄古镇,2022-12-06,275,74,201
李庄古镇,2022-12-07,260,68,192
李庄古镇,2022-12-08,238,68,170
李庄古镇,2022-12-09,241,83,158
李庄古镇,2022-12-10,227,66,161
李庄古镇,2022-12-11,252,76,176
李庄古镇,2022-12-12,198,66,132
李庄古镇,2022-12-13,211,68,143
李庄古镇,2022-12-14,214,80,134
李庄古镇,2022-12-15,212,74,138
李庄古镇,2022-12-16,258,87,171
李庄古镇,2022-12-17,202,64,138
李庄古镇,2022-12-18,235,68,167
李庄古镇,2022-12-19,199,64,135
李庄古镇,2022-12-20,220,61,159
李庄古镇,2022-12-21,198,70,128
李庄古镇,2022-12-22,204,70,134
李庄古镇,2022-12-23,221,59,162
李庄古镇,2022-12-24,211,70,141
李庄古镇,2022-12-25,217,74,143
李庄古镇,2022-12-26,208,64,144
李庄古镇,2022-12-27,217,66,151
李庄古镇,2022-12-28,245,78,167
李庄古镇,2022-12-29,253,80,173
李庄古镇,2022-12-30,300,80,220
李庄古镇,2022-12-31,290,78,212
李庄古镇,2023-01-01,295,68,227
李庄古镇,2023-01-02,299,63,236
李庄古镇,2023-01-03,234,63,171
李庄古镇,2023-01-04,254,72,182
李庄古镇,2023-01-05,238,72,166
李庄古镇,2023-01-06,267,78,189
李庄古镇,2023-01-07,302,64,238
李庄古镇,2023-01-08,270,64,206
李庄古镇,2023-01-09,252,63,189
李庄古镇,2023-01-10,282,76,206
李庄古镇,2023-01-11,299,87,212
李庄古镇,2023-01-12,289,78,211
李庄古镇,2023-01-13,300,85,215
李庄古镇,2023-01-14,311,61,250
李庄古镇,2023-01-15,1072,85,987
李庄古镇,2023-01-16,316,78,238
李庄古镇,2023-01-17,322,83,239
李庄古镇,2023-01-18,334,70,264
李庄古镇,2023-01-19,336,63,273
李庄古镇,2023-01-20,354,74,280
李庄古镇,2023-01-21,356,61,295
李庄古镇,2023-01-22,791,64,727
李庄古镇,2023-01-23,934,68,866
李庄古镇,2023-01-24,970,80,890
李庄古镇,2023-01-25,936,66,870
李庄古镇,2023-01-26,934,76,858
李庄古镇,2023-01-27,774,72,702
李庄古镇,2023-01-28,711,101,610
李庄古镇,2023-01-29,654,95,559
李庄古镇,2023-01-30,622,89,533
李庄古镇,2023-01-31,527,82,445
李庄古镇,2023-02-01,529,72,457
李庄古镇,2023-02-02,570,95,475
李庄古镇,2023-02-03,604,114,490
李庄古镇,2023-02-04,547,61,486
李庄古镇,2023-02-05,507,70,437
李庄古镇,2023-02-06,435,82,353
李庄古镇,2023-02-07,372,78,294
李庄古镇,2023-02-08,386,83,303
李庄古镇,2023-02-09,399,93,306
李庄古镇,2023-02-10,388,74,314
李庄古镇,2023-02-11,450,66,384
李庄古镇,2023-02-12,427,68,359
李庄古镇,2023-02-13,370,76,294
李庄古镇,2023-02-14,381,85,296
李庄古镇,2023-02-15,351,82,269
李庄古镇,2023-02-16,348,74,274
李庄古镇,2023-02-17,360,80,280
李庄古镇,2023-02-18,486,64,422
李庄古镇,2023-02-19,462,74,388
李庄古镇,2023-02-20,363,78,285
李庄古镇,2023-02-21,360,89,271
李庄古镇,2023-02-22,338,82,256
李庄古镇,2023-02-23,398,91,307
李庄古镇,2023-02-24,398,83,315
李庄古镇,2023-02-25,490,68,422
李庄古镇,2023-02-26,437,68,369
李庄古镇,2023-02-27,460,91,369
李庄古镇,2023-02-28,389,91,298
李庄古镇,2023-03-01,391,97,294
李庄古镇,2023-03-02,431,97,334
李庄古镇,2023-03-03,459,118,341
李庄古镇,2023-03-04,569,80,489
李庄古镇,2023-03-05,513,74,439
李庄古镇,2023-03-06,453,112,341
李庄古镇,2023-03-07,467,91,376
李庄古镇,2023-03-08,513,93,420
李庄古镇,2023-03-09,490,114,376
李庄古镇,2023-03-10,512,101,411
李庄古镇,2023-03-11,557,82,475
李庄古镇,2023-03-12,473,74,399
李庄古镇,2023-03-13,416,93,323
李庄古镇,2023-03-14,395,78,317
李庄古镇,2023-03-15,378,101,277
李庄古镇,2023-03-16,356,82,274
李庄古镇,2023-03-17,403,93,310
李庄古镇,2023-03-18,520,74,446
李庄古镇,2023-03-19,434,85,349
李庄古镇,2023-03-20,358,87,271
李庄古镇,2023-03-21,414,91,323
李庄古镇,2023-03-22,403,87,316
李庄古镇,2023-03-23,405,89,316
李庄古镇,2023-03-24,440,102,338
李庄古镇,2023-03-25,496,78,418
李庄古镇,2023-03-26,528,85,443
李庄古镇,2023-03-27,369,91,278
李庄古镇,2023-03-28,401,102,299
李庄古镇,2023-03-29,389,87,302
李庄古镇,2023-03-30,375,91,284
李庄古镇,2023-03-31,449,104,345
李庄古镇,2023-04-01,471,76,395
李庄古镇,2023-04-02,473,72,401
李庄古镇,2023-04-03,466,129,337
李庄古镇,2023-04-04,497,114,383
李庄古镇,2023-04-05,557,68,489
李庄古镇,2023-04-06,458,99,359
李庄古镇,2023-04-07,466,104,362
李庄古镇,2023-04-08,644,102,542
李庄古镇,2023-04-09,586,93,493
李庄古镇,2023-04-10,495,125,370
李庄古镇,2023-04-11,415,102,313
李庄古镇,2023-04-12,431,114,317
李庄古镇,2023-04-13,447,93,354
李庄古镇,2023-04-14,416,95,321
李庄古镇,2023-04-15,466,76,390
李庄古镇,2023-04-16,476,82,394
李庄古镇,2023-04-17,498,114,384
李庄古镇,2023-04-18,441,108,333
李庄古镇,2023-04-19,462,102,360
李庄古镇,2023-04-20,570,95,475
李庄古镇,2023-04-21,592,87,505
李庄古镇,2023-04-22,627,83,544
李庄古镇,2023-04-23,503,99,404
李庄古镇,2023-04-24,466,125,341
李庄古镇,2023-04-25,502,114,388
李庄古镇,2023-04-26,493,131,362
李庄古镇,2023-04-27,546,140,406
李庄古镇,2023-04-28,579,97,482
李庄古镇,2023-04-29,950,78,872
李庄古镇,2023-04-30,1010,76,934
李庄古镇,2023-05-01,1008,78,930
李庄古镇,2023-05-02,922,70,852
李庄古镇,2023-05-03,795,85,710
李庄古镇,2023-05-04,515,120,395
李庄古镇,2023-05-05,428,101,327
李庄古镇,2023-05-06,488,101,387
李庄古镇,2023-05-07,412,74,338
李庄古镇,2023-05-08,358,102,256
李庄古镇,2023-05-09,395,85,310
李庄古镇,2023-05-10,384,114,270
李庄古镇,2023-05-11,415,116,299
李庄古镇,2023-05-12,348,82,266
李庄古镇,2023-05-13,397,80,317
李庄古镇,2023-05-14,378,64,314
李庄古镇,2023-05-15,392,108,284
李庄古镇,2023-05-16,387,110,277
李庄古镇,2023-05-17,451,97,354
李庄古镇,2023-05-18,430,120,310
李庄古镇,2023-05-19,418,95,323
李庄古镇,2023-05-20,441,74,367
李庄古镇,2023-05-21,416,68,348
李庄古镇,2023-05-22,364,87,277
李庄古镇,2023-05-23,341,78,263
李庄古镇,2023-05-24,354,85,269
李庄古镇,2023-05-25,378,87,291
李庄古镇,2023-05-26,389,82,307
李庄古镇,2023-05-27,400,70,330
李庄古镇,2023-05-28,1002,80,922
李庄古镇,2023-05-29,391,85,306
李庄古镇,2023-05-30,366,102,264
李庄古镇,2023-05-31,341,87,254
李庄古镇,2023-06-01,344,87,257
李庄古镇,2023-06-02,389,112,277
李庄古镇,2023-06-03,395,68,327
李庄古镇,2023-06-04,433,85,348
李庄古镇,2023-06-05,367,89,278
李庄古镇,2023-06-06,407,95,312
李庄古镇,2023-06-07,409,104,305
李庄古镇,2023-06-08,392,87,305
李庄古镇,2023-06-09,429,83,346
李庄古镇,2023-06-10,489,66,423
李庄古镇,2023-06-11,436,70,366
李庄古镇,2023-06-12,370,97,273
李庄古镇,2023-06-13,371,89,282
李庄古镇,2023-06-14,344,80,264
李庄古镇,2023-06-15,384,110,274
李庄古镇,2023-06-16,373,91,282
李庄古镇,2023-06-17,360,59,301
李庄古镇,2023-06-18,393,70,323
李庄古镇,2023-06-19,795,154,641
李庄古镇,2023-06-20,452,108,344
李庄古镇,2023-06-21,374,89,285
李庄古镇,2023-06-22,534,63,471
李庄古镇,2023-06-23,649,61,588
李庄古镇,2023-06-24,423,76,347
李庄古镇,2023-06-25,416,129,287
李庄古镇,2023-06-26,355,95,260
李庄古镇,2023-06-27,307,82,225
李庄古镇,2023-06-28,327,93,234
李庄古镇,2023-06-29,363,85,278
李庄古镇,2023-06-30,397,82,315
李庄古镇,2023-07-01,397,74,323
李庄古镇,2023-07-02,340,74,266
李庄古镇,2023-07-03,327,89,238
李庄古镇,2023-07-04,374,97,277
李庄古镇,2023-07-05,372,99,273
李庄古镇,2023-07-06,328,101,227
李庄古镇,2023-07-07,375,83,292
李庄古镇,2023-07-08,429,83,346
李庄古镇,2023-07-09,412,68,344
李庄古镇,2023-07-10,351,89,262
李庄古镇,2023-07-11,324,99,225
李庄古镇,2023-07-12,337,70,267
李庄古镇,2023-07-13,347,83,264
李庄古镇,2023-07-14,313,74,239
李庄古镇,2023-07-15,397,76,321
李庄古镇,2023-07-16,376,76,300
李庄古镇,2023-07-17,333,85,248
李庄古镇,2023-07-18,324,95,229
李庄古镇,2023-07-19,342,82,260
李庄古镇,2023-07-20,367,80,287
李庄古镇,2023-07-21,353,85,268
李庄古镇,2023-07-22,405,82,323
李庄古镇,2023-07-23,338,78,260
李庄古镇,2023-07-24,352,78,274
李庄古镇,2023-07-25,375,108,267
李庄古镇,2023-07-26,381,89,292
李庄古镇,2023-07-27,384,95,289
李庄古镇,2023-07-28,424,87,337
李庄古镇,2023-07-29,501,87,414
李庄古镇,2023-07-30,421,61,360
李庄古镇,2023-07-31,420,97,323
李庄古镇,2023-08-01,413,87,326
李庄古镇,2023-08-02,447,85,362
李庄古镇,2023-08-03,463,101,362
李庄古镇,2023-08-04,547,110,437
李庄古镇,2023-08-05,585,95,490
李庄古镇,2023-08-06,595,66,529
李庄古镇,2023-08-07,703,87,616
李庄古镇,2023-08-08,574,102,472
李庄古镇,2023-08-09,458,97,361
李庄古镇,2023-08-10,451,82,369
李庄古镇,2023-08-11,476,89,387
李庄古镇,2023-08-12,596,78,518
李庄古镇,2023-08-13,467,61,406
李庄古镇,2023-08-14,452,76,376
李庄古镇,2023-08-15,420,80,340
李庄古镇,2023-08-16,464,70,394
李庄古镇,2023-08-17,494,93,401
李庄古镇,2023-08-18,425,80,345
李庄古镇,2023-08-19,443,66,377
李庄古镇,2023-08-20,599,64,535
李庄古镇,2023-08-21,495,102,393
李庄古镇,2023-08-22,452,97,355
李庄古镇,2023-08-23,415,102,313
李庄古镇,2023-08-24,428,91,337
李庄古镇,2023-08-25,456,87,369
李庄古镇,2023-08-26,444,72,372
李庄古镇,2023-08-27,432,78,354
李庄古镇,2023-08-28,355,91,264
李庄古镇,2023-08-29,513,99,414
李庄古镇,2023-08-30,512,104,408
李庄古镇,2023-08-31,412,116,296
李庄古镇,2023-09-01,353,87,266
李庄古镇,2023-09-02,408,68,340
李庄古镇,2023-09-03,360,68,292
李庄古镇,2023-09-04,371,89,282
李庄古镇,2023-09-05,376,102,274
李庄古镇,2023-09-06,427,97,330
李庄古镇,2023-09-07,446,101,345
李庄古镇,2023-09-08,399,110,289
李庄古镇,2023-09-09,805,78,727
李庄古镇,2023-09-10,573,74,499
李庄古镇,2023-09-11,471,91,380
李庄古镇,2023-09-12,492,91,401
李庄古镇,2023-09-13,449,91,358
李庄古镇,2023-09-14,493,120,373
李庄古镇,2023-09-15,630,99,531
李庄古镇,2023-09-16,555,83,472
李庄古镇,2023-09-17,592,82,510
李庄古镇,2023-09-18,465,120,345
李庄古镇,2023-09-19,456,101,355
李庄古镇,2023-09-20,480,131,349
李庄古镇,2023-09-21,458,114,344
李庄古镇,2023-09-22,440,110,330
李庄古镇,2023-09-23,551,80,471
李庄古镇,2023-09-24,512,82,430
李庄古镇,2023-09-25,484,135,349
李庄古镇,2023-09-26,580,127,453
李庄古镇,2023-09-27,524,127,397
李庄古镇,2023-09-28,582,114,468
李庄古镇,2023-09-29,1343,102,1241
李庄古镇,2023-09-30,1061,87,974
李庄古镇,2023-10-01,1158,91,1067
李庄古镇,2023-10-02,1310,89,1221
李庄古镇,2023-10-03,1206,82,1124
李庄古镇,2023-10-04,1104,99,1005
李庄古镇,2023-10-05,1045,116,929
李庄古镇,2023-10-06,951,102,849
李庄古镇,2023-10-07,620,137,483
李庄古镇,2023-10-08,537,131,406
李庄古镇,2023-10-09,505,108,397
李庄古镇,2023-10-10,546,116,430
李庄古镇,2023-10-11,496,106,390
李庄古镇,2023-10-12,458,97,361
李庄古镇,2023-10-13,501,102,399
李庄古镇,2023-10-14,532,74,458
李庄古镇,2023-10-15,455,78,377
李庄古镇,2023-10-16,421,97,324
李庄古镇,2023-10-17,386,97,289
李庄古镇,2023-10-18,379,102,277
李庄古镇,2023-10-19,404,112,292
李庄古镇,2023-10-20,412,91,321
李庄古镇,2023-10-21,497,70,427
李庄古镇,2023-10-22,491,82,409
李庄古镇,2023-10-23,467,116,351
李庄古镇,2023-10-24,359,91,268
李庄古镇,2023-10-25,306,91,215
李庄古镇,2023-10-26,337,85,252
李庄古镇,2023-10-27,372,108,264
李庄古镇,2023-10-28,442,66,376
李庄古镇,2023-10-29,431,68,363
李庄古镇,2023-10-30,360,93,267
李庄古镇,2023-10-31,347,112,235
李庄古镇,2023-11-01,441,104,337
李庄古镇,2023-11-02,381,129,252
李庄古镇,2023-11-03,393,85,308
李庄古镇,2023-11-04,547,78,469
李庄古镇,2023-11-05,432,76,356
李庄古镇,2023-11-06,419,91,328
李庄古镇,2023-11-07,360,91,269
李庄古镇,2023-11-08,451,106,345
李庄古镇,2023-11-09,410,82,328
李庄古镇,2023-11-10,405,85,320
李庄古镇,2023-11-11,441,68,373
李庄古镇,2023-11-12,397,70,327
李庄古镇,2023-11-13,324,97,227
李庄古镇,2023-11-14,378,82,296
李庄古镇,2023-11-15,314,97,217
李庄古镇,2023-11-16,372,95,277
李庄古镇,2023-11-17,376,91,285
李庄古镇,2023-11-18,367,68,299
李庄古镇,2023-11-19,381,64,317
李庄古镇,2023-11-20,386,102,284
李庄古镇,2023-11-21,361,93,268
李庄古镇,2023-11-22,338,72,266
李庄古镇,2023-11-23,315,72,243
李庄古镇,2023-11-24,363,97,266
李庄古镇,2023-11-25,409,63,346
李庄古镇,2023-11-26,399,61,338
李庄古镇,2023-11-27,309,85,224
李庄古镇,2023-11-28,356,104,252
李庄古镇,2023-11-29,374,110,264
李庄古镇,2023-11-30,293,76,217
李庄古镇,2023-12-01,329,74,255
李庄古镇,2023-12-02,412,72,340
李庄古镇,2023-12-03,412,82,330
李庄古镇,2023-12-04,320,74,246
李庄古镇,2023-12-05,378,101,277
李庄古镇,2023-12-06,352,99,253
李庄古镇,2023-12-07,349,106,243
李庄古镇,2023-12-08,334,89,245
李庄古镇,2023-12-09,379,78,301
李庄古镇,2023-12-10,455,72,383
李庄古镇,2023-12-11,306,101,205
李庄古镇,2023-12-12,306,101,205
李庄古镇,2023-12-13,295,99,196
李庄古镇,2023-12-14,351,99,252
李庄古镇,2023-12-15,362,106,256
李庄古镇,2023-12-16,388,82,306
李庄古镇,2023-12-17,246,0,246
李庄古镇,2023-12-18,330,89,241
李庄古镇,2023-12-19,311,82,229
李庄古镇,2023-12-20,353,101,252
李庄古镇,2023-12-21,317,89,228
李庄古镇,2023-12-22,297,80,217
李庄古镇,2023-12-23,290,66,224
李庄古镇,2023-12-24,343,66,277
李庄古镇,2023-12-25,345,91,254
李庄古镇,2023-12-26,414,114,300
李庄古镇,2023-12-27,357,91,266
李庄古镇,2023-12-28,403,80,323
李庄古镇,2023-12-29,533,80,453
李庄古镇,2023-12-30,668,72,596
李庄古镇,2023-12-31,616,66,550
李庄古镇,2024-01-01,411,70,341
李庄古镇,2024-01-02,328,89,239
李庄古镇,2024-01-03,332,76,256
李庄古镇,2024-01-04,338,95,243
李庄古镇,2024-01-05,317,93,224
李庄古镇,2024-01-06,347,74,273
李庄古镇,2024-01-07,339,68,271
李庄古镇,2024-01-08,309,82,227
李庄古镇,2024-01-09,305,87,218
李庄古镇,2024-01-10,318,80,238
李庄古镇,2024-01-11,293,89,204
李庄古镇,2024-01-12,299,80,219
李庄古镇,2024-01-13,402,68,334
李庄古镇,2024-01-14,313,64,249
李庄古镇,2024-01-15,314,82,232
李庄古镇,2024-01-16,290,70,220
李庄古镇,2024-01-17,316,87,229
李庄古镇,2024-01-18,295,78,217
李庄古镇,2024-01-19,350,97,253
李庄古镇,2024-01-20,354,66,288
李庄古镇,2024-01-21,303,61,242
李庄古镇,2024-01-22,244,68,176
李庄古镇,2024-01-23,301,89,212
李庄古镇,2024-01-24,271,72,199
李庄古镇,2024-01-25,293,85,208
李庄古镇,2024-01-26,307,68,239
李庄古镇,2024-01-27,360,61,299
李庄古镇,2024-01-28,383,70,313
李庄古镇,2024-01-29,338,76,262
李庄古镇,2024-01-30,350,83,267
李庄古镇,2024-01-31,367,89,278
李庄古镇,2024-02-01,373,95,278
李庄古镇,2024-02-02,326,80,246
李庄古镇,2024-02-03,353,59,294
李庄古镇,2024-02-04,340,76,264
李庄古镇,2024-02-05,326,91,235
李庄古镇,2024-02-06,373,78,295
李庄古镇,2024-02-07,433,93,340
李庄古镇,2024-02-08,474,80,394
李庄古镇,2024-02-09,424,66,358
李庄古镇,2024-02-10,931,78,853
李庄古镇,2024-02-11,971,68,903
李庄古镇,2024-02-12,1049,85,964
李庄古镇,2024-02-13,1037,74,963
李庄古镇,2024-02-14,1035,72,963
李庄古镇,2024-02-15,989,74,915
李庄古镇,2024-02-16,955,72,883
李庄古镇,2024-02-17,834,80,754
李庄古镇,2024-02-18,769,116,653
李庄古镇,2024-02-19,675,108,567
李庄古镇,2024-02-20,672,101,571
李庄古镇,2024-02-21,541,102,439
李庄古镇,2024-02-22,514,99,415
李庄古镇,2024-02-23,433,87,346
李庄古镇,2024-02-24,489,74,415
李庄古镇,2024-02-25,435,68,367
李庄古镇,2024-02-26,375,83,292
李庄古镇,2024-02-27,391,89,302
李庄古镇,2024-02-28,395,106,289
李庄古镇,2024-02-29,404,112,292
李庄古镇,2024-03-01,440,102,338
李庄古镇,2024-03-02,436,74,362
李庄古镇,2024-03-03,416,63,353
李庄古镇,2024-03-04,382,97,285
李庄古镇,2024-03-05,452,89,363
李庄古镇,2024-03-06,416,101,315
李庄古镇,2024-03-07,510,95,415
李庄古镇,2024-03-08,519,82,437
李庄古镇,2024-03-09,555,70,485
李庄古镇,2024-03-10,463,72,391
李庄古镇,2024-03-11,409,95,314
李庄古镇,2024-03-12,408,99,309
李庄古镇,2024-03-13,1050,93,957
李庄古镇,2024-03-14,1313,146,1167
李庄古镇,2024-03-15,982,137,845
李庄古镇,2024-03-16,816,97,719
李庄古镇,2024-03-17,632,82,550
李庄古镇,2024-03-18,492,112,380
李庄古镇,2024-03-19,423,104,319
李庄古镇,2024-03-20,375,102,273
李庄古镇,2024-03-21,434,140,294
李庄古镇,2024-03-22,420,106,314
李庄古镇,2024-03-23,410,72,338
李庄古镇,2024-03-24,440,99,341
李庄古镇,2024-03-25,361,123,238
李庄古镇,2024-03-26,370,93,277
李庄古镇,2024-03-27,368,108,260
李庄古镇,2024-03-28,363,129,234
李庄古镇,2024-03-29,370,110,260
李庄古镇,2024-03-30,397,66,331
李庄古镇,2024-03-31,454,78,376
李庄古镇,2024-04-01,441,118,323
李庄古镇,2024-04-02,372,129,243
李庄古镇,2024-04-03,467,120,347
李庄古镇,2024-04-04,701,78,623
李庄古镇,2024-04-05,802,80,722
李庄古镇,2024-04-06,533,87,446
李庄古镇,2024-04-07,425,101,324
李庄古镇,2024-04-08,392,121,271
李庄古镇,2024-04-09,349,97,252
李庄古镇,2024-04-10,370,99,271
李庄古镇,2024-04-11,373,152,221
李庄古镇,2024-04-12,463,135,328
李庄古镇,2024-04-13,420,85,335
李庄古镇,2024-04-14,379,87,292
李庄古镇,2024-04-15,347,108,239
李庄古镇,2024-04-16,355,110,245
李庄古镇,2024-04-17,383,110,273
李庄古镇,2024-04-18,387,93,294
李庄古镇,2024-04-19,384,93,291
李庄古镇,2024-04-20,406,76,330
李庄古镇,2024-04-21,566,83,483
李庄古镇,2024-04-22,453,123,330
李庄古镇,2024-04-23,414,112,302
李庄古镇,2024-04-24,375,95,280
李庄古镇,2024-04-25,415,123,292
李庄古镇,2024-04-26,390,106,284
李庄古镇,2024-04-27,411,80,331
李庄古镇,2024-04-28,470,155,315
李庄古镇,2024-04-29,361,118,243
李庄古镇,2024-04-30,600,152,448
李庄古镇,2024-05-01,933,70,863
李庄古镇,2024-05-02,986,78,908
李庄古镇,2024-05-03,956,80,876
李庄古镇,2024-05-04,943,91,852
李庄古镇,2024-05-05,636,97,539
李庄古镇,2024-05-06,475,135,340
李庄古镇,2024-05-07,363,120,243
李庄古镇,2024-05-08,327,106,221
李庄古镇,2024-05-09,343,95,248
李庄古镇,2024-05-10,394,112,282
李庄古镇,2024-05-11,370,120,250
李庄古镇,2024-05-12,328,72,256
李庄古镇,2024-05-13,330,101,229
李庄古镇,2024-05-14,318,112,206
李庄古镇,2024-05-15,335,89,246
李庄古镇,2024-05-16,371,125,246
李庄古镇,2024-05-17,288,95,193
李庄古镇,2024-05-18,386,83,303
李庄古镇,2024-05-19,350,70,280
李庄古镇,2024-05-20,310,110,200
李庄古镇,2024-05-21,307,114,193
李庄古镇,2024-05-22,269,104,165
李庄古镇,2024-05-23,295,95,200
李庄古镇,2024-05-24,261,82,179
李庄古镇,2024-05-25,355,70,285
李庄古镇,2024-05-26,344,74,270
李庄古镇,2024-05-27,312,93,219
李庄古镇,2024-05-28,325,125,200
李庄古镇,2024-05-29,299,91,208
李庄古镇,2024-05-30,326,97,229
李庄古镇,2024-05-31,298,101,197
李庄古镇,2024-06-01,294,70,224
李庄古镇,2024-06-02,352,72,280
李庄古镇,2024-06-03,314,102,212
李庄古镇,2024-06-04,344,116,228
李庄古镇,2024-06-05,297,89,208
李庄古镇,2024-06-06,339,108,231
李庄古镇,2024-06-07,377,93,284
李庄古镇,2024-06-08,481,68,413
李庄古镇,2024-06-09,551,76,475
李庄古镇,2024-06-10,417,64,353
李庄古镇,2024-06-11,322,97,225
李庄古镇,2024-06-12,347,101,246
李庄古镇,2024-06-13,327,78,249
李庄古镇,2024-06-14,281,76,205
李庄古镇,2024-06-15,279,68,211
李庄古镇,2024-06-16,295,64,231
李庄古镇,2024-06-17,308,99,209
李庄古镇,2024-06-18,293,87,206
李庄古镇,2024-06-19,281,97,184
李庄古镇,2024-06-20,270,72,198
李庄古镇,2024-06-21,288,87,201
李庄古镇,2024-06-22,317,61,256
李庄古镇,2024-06-23,274,72,202
李庄古镇,2024-06-24,302,104,198
李庄古镇,2024-06-25,255,87,168
李庄古镇,2024-06-26,263,74,189
李庄古镇,2024-06-27,265,85,180
李庄古镇,2024-06-28,255,87,168
李庄古镇,2024-06-29,322,70,252
李庄古镇,2024-06-30,274,66,208
李庄古镇,2024-07-01,293,85,208
李庄古镇,2024-07-02,286,99,187
李庄古镇,2024-07-03,294,89,205
李庄古镇,2024-07-04,295,95,200
李庄古镇,2024-07-05,289,80,209
李庄古镇,2024-07-06,292,61,231
李庄古镇,2024-07-07,272,61,211
李庄古镇,2024-07-08,261,85,176
李庄古镇,2024-07-09,300,97,203
李庄古镇,2024-07-10,272,91,181
李庄古镇,2024-07-11,275,93,182
李庄古镇,2024-07-12,252,85,167
李庄古镇,2024-07-13,274,66,208
李庄古镇,2024-07-14,264,61,203
李庄古镇,2024-07-15,295,83,212
李庄古镇,2024-07-16,303,104,199
李庄古镇,2024-07-17,273,89,184
李庄古镇,2024-07-18,290,85,205
李庄古镇,2024-07-19,279,80,199
李庄古镇,2024-07-20,331,64,267
李庄古镇,2024-07-21,285,61,224
李庄古镇,2024-07-22,280,87,193
李庄古镇,2024-07-23,265,72,193
李庄古镇,2024-07-24,288,80,208
李庄古镇,2024-07-25,325,87,238
李庄古镇,2024-07-26,298,78,220
李庄古镇,2024-07-27,310,68,242
李庄古镇,2024-07-28,840,68,772
李庄古镇,2024-07-29,461,116,345
李庄古镇,2024-07-30,334,87,247
李庄古镇,2024-07-31,345,106,239
李庄古镇,2024-08-01,352,95,257
李庄古镇,2024-08-02,309,78,231
李庄古镇,2024-08-03,397,78,319
李庄古镇,2024-08-04,386,63,323
李庄古镇,2024-08-05,359,78,281
李庄古镇,2024-08-06,351,97,254
李庄古镇,2024-08-07,331,95,236
李庄古镇,2024-08-08,331,95,236
李庄古镇,2024-08-09,340,85,255
李庄古镇,2024-08-10,450,80,370
李庄古镇,2024-08-11,340,66,274
李庄古镇,2024-08-12,385,97,288
李庄古镇,2024-08-13,335,78,257
李庄古镇,2024-08-14,294,82,212
李庄古镇,2024-08-15,373,95,278
李庄古镇,2024-08-16,356,83,273
李庄古镇,2024-08-17,373,66,307
李庄古镇,2024-08-18,314,64,250
李庄古镇,2024-08-19,339,87,252
李庄古镇,2024-08-20,301,83,218
李庄古镇,2024-08-21,332,93,239
李庄古镇,2024-08-22,371,97,274
李庄古镇,2024-08-23,756,191,565
李庄古镇,2024-08-24,518,93,425
李庄古镇,2024-08-25,371,63,308
李庄古镇,2024-08-26,325,91,234
李庄古镇,2024-08-27,337,87,250
李庄古镇,2024-08-28,322,91,231
李庄古镇,2024-08-29,306,87,219
李庄古镇,2024-08-30,288,85,203
李庄古镇,2024-08-31,284,66,218
李庄古镇,2024-09-01,296,74,222
李庄古镇,2024-09-02,292,89,203
李庄古镇,2024-09-03,262,83,179
李庄古镇,2024-09-04,278,72,206
李庄古镇,2024-09-05,282,83,199
李庄古镇,2024-09-06,267,80,187
李庄古镇,2024-09-07,326,72,254
李庄古镇,2024-09-08,291,63,228
李庄古镇,2024-09-09,278,85,193
李庄古镇,2024-09-10,309,91,218
李庄古镇,2024-09-11,300,95,205
李庄古镇,2024-09-12,282,95,187
李庄古镇,2024-09-13,316,91,225
李庄古镇,2024-09-14,287,72,215
李庄古镇,2024-09-15,466,97,369
李庄古镇,2024-09-16,510,57,453
李庄古镇,2024-09-17,474,80,394
李庄古镇,2024-09-18,376,121,255
李庄古镇,2024-09-19,300,76,224
李庄古镇,2024-09-20,306,91,215
李庄古镇,2024-09-21,343,74,269
李庄古镇,2024-09-22,332,63,269
李庄古镇,2024-09-23,352,118,234
李庄古镇,2024-09-24,354,120,234
李庄古镇,2024-09-25,353,114,239
李庄古镇,2024-09-26,434,135,299
李庄古镇,2024-09-27,402,110,292
李庄古镇,2024-09-28,393,76,317
李庄古镇,2024-09-29,502,129,373
李庄古镇,2024-09-30,505,118,387
李庄古镇,2024-10-01,782,80,702
李庄古镇,2024-10-02,993,80,913
李庄古镇,2024-10-03,1068,110,958
李庄古镇,2024-10-04,1019,87,932
李庄古镇,2024-10-05,1006,80,926
李庄古镇,2024-10-06,903,85,818
李庄古镇,2024-10-07,722,102,620
李庄古镇,2024-10-08,474,120,354
李庄古镇,2024-10-09,461,114,347
李庄古镇,2024-10-10,389,74,315
李庄古镇,2024-10-11,376,91,285
李庄古镇,2024-10-12,361,97,264
李庄古镇,2024-10-13,381,80,301
李庄古镇,2024-10-14,363,89,274
李庄古镇,2024-10-15,371,93,278
李庄古镇,2024-10-16,380,121,259
李庄古镇,2024-10-17,373,99,274
李庄古镇,2024-10-18,382,93,289
李庄古镇,2024-10-19,386,87,299
李庄古镇,2024-10-20,359,64,295
李庄古镇,2024-10-21,329,97,232
李庄古镇,2024-10-22,358,89,269
李庄古镇,2024-10-23,308,83,225
李庄古镇,2024-10-24,372,108,264
李庄古镇,2024-10-25,347,76,271
李庄古镇,2024-10-26,373,72,301
李庄古镇,2024-10-27,352,61,291
李庄古镇,2024-10-28,375,91,284
李庄古镇,2024-10-29,306,72,234
李庄古镇,2024-10-30,306,85,221
李庄古镇,2024-10-31,307,101,206
李庄古镇,2024-11-01,285,74,211
李庄古镇,2024-11-02,381,76,305
李庄古镇,2024-11-03,321,64,257
李庄古镇,2024-11-04,314,102,212
李庄古镇,2024-11-05,325,82,243
李庄古镇,2024-11-06,371,144,227
李庄古镇,2024-11-07,293,74,219
李庄古镇,2024-11-08,319,74,245
李庄古镇,2024-11-09,342,64,278
李庄古镇,2024-11-10,303,61,242
李庄古镇,2024-11-11,298,101,197
李庄古镇,2024-11-12,325,116,209
李庄古镇,2024-11-13,279,64,215
李庄古镇,2024-11-14,322,91,231
李庄古镇,2024-11-15,377,97,280
李庄古镇,2024-11-16,372,80,292
李庄古镇,2024-11-17,302,78,224
李庄古镇,2024-11-18,333,131,202
李庄古镇,2024-11-19,355,127,228
李庄古镇,2024-11-20,390,85,305
李庄古镇,2024-11-21,364,93,271
李庄古镇,2024-11-22,357,112,245
李庄古镇,2024-11-23,384,64,320
李庄古镇,2024-11-24,307,66,241
李庄古镇,2024-11-25,323,87,236
李庄古镇,2024-11-26,273,72,201
李庄古镇,2024-11-27,298,76,222
李庄古镇,2024-11-28,295,76,219
李庄古镇,2024-11-29,302,85,217
李庄古镇,2024-11-30,403,61,342
李庄古镇,2024-12-01,339,72,267
李庄古镇,2024-12-02,310,93,217
李庄古镇,2024-12-03,309,97,212
李庄古镇,2024-12-04,291,93,198
李庄古镇,2024-12-05,272,66,206
李庄古镇,2024-12-06,378,135,243
李庄古镇,2024-12-07,315,59,256
李庄古镇,2024-12-08,322,68,254
李庄古镇,2024-12-09,294,63,231
李庄古镇,2024-12-10,314,95,219
李庄古镇,2024-12-11,277,63,214
李庄古镇,2024-12-12,279,70,209
李庄古镇,2024-12-13,293,85,208
李庄古镇,2024-12-14,294,66,228
李庄古镇,2024-12-15,311,64,247
李庄古镇,2024-12-16,264,82,182
李庄古镇,2024-12-17,242,80,162
李庄古镇,2024-12-18,254,72,182
李庄古镇,2024-12-19,284,72,212
李庄古镇,2024-12-20,293,68,225
李庄古镇,2024-12-21,283,61,222
李庄古镇,2024-12-22,189,0,189
李庄古镇,2024-12-23,250,70,180
李庄古镇,2024-12-24,275,66,209
李庄古镇,2024-12-25,236,66,170
李庄古镇,2024-12-26,258,78,180
李庄古镇,2024-12-27,251,72,179
李庄古镇,2024-12-28,264,63,201
李庄古镇,2024-12-29,276,59,217
李庄古镇,2024-12-30,301,70,231
李庄古镇,2024-12-31,249,70,179
李庄古镇,2025-01-01,275,66,209
李庄古镇,2025-01-02,261,68,193
李庄古镇,2025-01-03,292,80,212
李庄古镇,2025-01-04,286,61,225
李庄古镇,2025-01-05,267,61,206
李庄古镇,2025-01-06,248,74,174
李庄古镇,2025-01-07,237,80,157
李庄古镇,2025-01-08,260,74,186
李庄古镇,2025-01-09,251,72,179
李庄古镇,2025-01-10,256,78,178
李庄古镇,2025-01-11,287,76,211
李庄古镇,2025-01-12,651,63,588
李庄古镇,2025-01-13,310,83,227
李庄古镇,2025-01-14,308,91,217
李庄古镇,2025-01-15,302,80,222
李庄古镇,2025-01-16,303,72,231
李庄古镇,2025-01-17,317,85,232
李庄古镇,2025-01-18,317,64,253
李庄古镇,2025-01-19,327,63,264
李庄古镇,2025-01-20,328,78,250
李庄古镇,2025-01-21,341,74,267
李庄古镇,2025-01-22,359,82,277
李庄古镇,2025-01-23,365,85,280
李庄古镇,2025-01-24,421,91,330
李庄古镇,2025-01-25,362,64,298
李庄古镇,2025-01-26,499,76,423
李庄古镇,2025-01-27,380,70,310
李庄古镇,2025-01-28,361,59,302
李庄古镇,2025-01-29,791,64,727
李庄古镇,2025-01-30,923,68,855
李庄古镇,2025-01-31,973,82,891
李庄古镇,2025-02-01,937,70,867
李庄古镇,2025-02-02,923,68,855
李庄古镇,2025-02-03,754,66,688
李庄古镇,2025-02-04,894,89,805
李庄古镇,2025-02-05,640,112,528
李庄古镇,2025-02-06,517,97,420
李庄古镇,2025-02-07,512,97,415
李庄古镇,2025-02-08,539,114,425
李庄古镇,2025-02-09,494,74,420
李庄古镇,2025-02-10,525,85,440
李庄古镇,2025-02-11,449,91,358
李庄古镇,2025-02-12,423,93,330
李庄古镇,2025-02-13,398,106,292
李庄古镇,2025-02-14,418,108,310
李庄古镇,2025-02-15,438,68,370
李庄古镇,2025-02-16,394,66,328
李庄古镇,2025-02-17,354,74,280
李庄古镇,2025-02-18,369,89,280
李庄古镇,2025-02-19,405,99,306
李庄古镇,2025-02-20,322,87,235
李庄古镇,2025-02-21,307,83,224
李庄古镇,2025-02-22,378,66,312
李庄古镇,2025-02-23,359,72,287
李庄古镇,2025-02-24,314,99,215
李庄古镇,2025-02-25,383,102,281
李庄古镇,2025-02-26,335,82,253
李庄古镇,2025-02-27,387,106,281
李庄古镇,2025-02-28,416,99,317
李庄古镇,2025-03-01,509,70,439
李庄古镇,2025-03-02,385,68,317
李庄古镇,2025-03-03,430,118,312
李庄古镇,2025-03-04,381,99,282
李庄古镇,2025-03-05,339,85,254
李庄古镇,2025-03-06,515,99,416
李庄古镇,2025-03-07,427,89,338
李庄古镇,2025-03-08,457,78,379
李庄古镇,2025-03-09,398,68,330
李庄古镇,2025-03-10,441,106,335
李庄古镇,2025-03-11,342,83,259
李庄古镇,2025-03-12,384,83,301
李庄古镇,2025-03-13,474,83,391
李庄古镇,2025-03-14,437,95,342
李庄古镇,2025-03-15,389,68,321
李庄古镇,2025-03-16,390,78,312
李庄古镇,2025-03-17,423,142,281
李庄古镇,2025-03-18,334,114,220
李庄古镇,2025-03-19,343,102,241
李庄古镇,2025-03-20,358,91,267
李庄古镇,2025-03-21,398,102,296
李庄古镇,2025-03-22,435,72,363
李庄古镇,2025-03-23,434,74,360
李庄古镇,2025-03-24,373,106,267
李庄古镇,2025-03-25,386,106,280
李庄古镇,2025-03-26,410,108,302
李庄古镇,2025-03-27,387,102,285
李庄古镇,2025-03-28,389,97,292
李庄古镇,2025-03-29,419,68,351
李庄古镇,2025-03-30,419,70,349
李庄古镇,2025-03-31,368,125,243
李庄古镇,2025-04-01,388,114,274
李庄古镇,2025-04-02,417,121,296
李庄古镇,2025-04-03,522,110,412
李庄古镇,2025-04-04,780,70,710
李庄古镇,2025-04-05,829,64,765
李庄古镇,2025-04-06,530,85,445
李庄古镇,2025-04-07,646,140,506
李庄古镇,2025-04-08,472,85,387
李庄古镇,2025-04-09,358,76,282
李庄古镇,2025-04-10,395,106,289
李庄古镇,2025-04-11,380,80,300
李庄古镇,2025-04-12,414,68,346
李庄古镇,2025-04-13,378,66,312
李庄古镇,2025-04-14,348,82,266
李庄古镇,2025-04-15,377,97,280
李庄古镇,2025-04-16,347,76,271
李庄古镇,2025-04-17,381,108,273
李庄古镇,2025-04-18,376,78,298
李庄古镇,2025-04-19,489,66,423
李庄古镇,2025-04-20,369,85,284
李庄古镇,2025-04-21,355,89,266
李庄古镇,2025-04-22,403,112,291
李庄古镇,2025-04-23,404,101,303
李庄古镇,2025-04-24,403,95,308
李庄古镇,2025-04-25,529,95,434
李庄古镇,2025-04-26,511,72,439
李庄古镇,2025-04-27,661,137,524
李庄古镇,2025-04-28,765,131,634
李庄古镇,2025-04-29,697,116,581
李庄古镇,2025-04-30,852,148,704
李庄古镇,2025-05-01,950,76,874
李庄古镇,2025-05-02,988,68,920
李庄古镇,2025-05-03,966,82,884
李庄古镇,2025-05-04,827,70,757
李庄古镇,2025-05-05,602,74,528
李庄古镇,2025-05-06,462,104,358
李庄古镇,2025-05-07,493,74,419
李庄古镇,2025-05-08,551,85,466
李庄古镇,2025-05-09,394,82,312
李庄古镇,2025-05-10,434,68,366
李庄古镇,2025-05-11,341,64,277
李庄古镇,2025-05-12,372,108,264
李庄古镇,2025-05-13,352,97,255
李庄古镇,2025-05-14,339,83,256
李庄古镇,2025-05-15,650,218,432
李庄古镇,2025-05-16,450,120,330
李庄古镇,2025-05-17,433,66,367
李庄古镇,2025-05-18,404,80,324
李庄古镇,2025-05-19,387,114,273
李庄古镇,2025-05-20,353,83,270
李庄古镇,2025-05-21,355,112,243
李庄古镇,2025-05-22,370,116,254
李庄古镇,2025-05-23,389,116,273
李庄古镇,2025-05-24,407,66,341
李庄古镇,2025-05-25,378,82,296
李庄古镇,2025-05-26,336,95,241
李庄古镇,2025-05-27,372,106,266
李庄古镇,2025-05-28,409,129,280
李庄古镇,2025-05-29,335,104,231
李庄古镇,2025-05-30,397,95,302
李庄古镇,2025-05-31,534,66,468
李庄古镇,2025-06-01,475,64,411
李庄古镇,2025-06-02,404,76,328
李庄古镇,2025-06-03,365,112,253
李庄古镇,2025-06-04,331,110,221
李庄古镇,2025-06-05,360,110,250
李庄古镇,2025-06-06,327,78,249
李庄古镇,2025-06-07,334,59,275
李庄古镇,2025-06-08,299,64,235
李庄古镇,2025-06-09,319,95,224
李庄古镇,2025-06-10,319,95,224
李庄古镇,2025-06-11,262,72,190
李庄古镇,2025-06-12,300,89,211
李庄古镇,2025-06-13,317,85,232
李庄古镇,2025-06-14,267,64,203
李庄古镇,2025-06-15,276,64,212
李庄古镇,2025-06-16,280,72,208
李庄古镇,2025-06-17,285,76,209
李庄古镇,2025-06-18,300,82,218
李庄古镇,2025-06-19,290,82,208
李庄古镇,2025-06-20,294,85,209
李庄古镇,2025-06-21,291,63,228
李庄古镇,2025-06-22,273,64,209
李庄古镇,2025-06-23,273,76,197
李庄古镇,2025-06-24,266,74,192
李庄古镇,2025-06-25,265,78,187
李庄古镇,2025-06-26,301,93,208
李庄古镇,2025-06-27,288,80,208
李庄古镇,2025-06-28,306,63,243
李庄古镇,2025-06-29,288,74,214
李庄古镇,2025-06-30,311,87,224
李庄古镇,2025-07-01,274,82,192
李庄古镇,2025-07-02,312,85,227
李庄古镇,2025-07-03,279,80,199
李庄古镇,2025-07-04,311,82,229
李庄古镇,2025-07-05,340,76,264
李庄古镇,2025-07-06,327,61,266
李庄古镇,2025-07-07,304,80,224
李庄古镇,2025-07-08,311,80,231
李庄古镇,2025-07-09,337,76,261
李庄古镇,2025-07-10,352,72,280
李庄古镇,2025-07-11,383,87,296
李庄古镇,2025-07-12,397,70,327
李庄古镇,2025-07-13,393,59,334
李庄古镇,2025-07-14,350,80,270
李庄古镇,2025-07-15,332,82,250
李庄古镇,2025-07-16,319,80,239
李庄古镇,2025-07-17,332,78,254
李庄古镇,2025-07-18,354,72,282
李庄古镇,2025-07-19,401,68,333
李庄古镇,2025-07-20,364,72,292
李庄古镇,2025-07-21,359,74,285
李庄古镇,2025-07-22,320,74,246
李庄古镇,2025-07-23,392,78,314
李庄古镇,2025-07-24,378,82,296
李庄古镇,2025-07-25,431,97,334
李庄古镇,2025-07-26,425,66,359
李庄古镇,2025-07-27,437,64,373
李庄古镇,2025-07-28,378,78,300
李庄古镇,2025-07-29,337,82,255
李庄古镇,2025-07-30,344,82,262
李庄古镇,2025-07-31,592,78,514
李庄古镇,2025-08-01,335,80,255
李庄古镇,2025-08-02,357,63,294
李庄古镇,2025-08-03,354,66,288
李庄古镇,2025-08-04,370,89,281
李庄古镇,2025-08-05,359,74,285
李庄古镇,2025-08-06,385,82,303
李庄古镇,2025-08-07,374,72,302
李庄古镇,2025-08-08,410,82,328
李庄古镇,2025-08-09,458,70,388
李庄古镇,2025-08-10,494,72,422
李庄古镇,2025-08-11,482,87,395
李庄古镇,2025-08-12,483,82,401
李庄古镇,2025-08-13,431,83,348
李庄古镇,2025-08-14,401,82,319
李庄古镇,2025-08-15,434,97,337
李庄古镇,2025-08-16,490,70,420
李庄古镇,2025-08-17,416,68,348
李庄古镇,2025-08-18,406,83,323
李庄古镇,2025-08-19,355,68,287
李庄古镇,2025-08-20,398,78,320
李庄古镇,2025-08-21,562,87,475
李庄古镇,2025-08-22,585,87,498
李庄古镇,2025-08-23,536,68,468
李庄古镇,2025-08-24,468,63,405
李庄古镇,2025-08-25,427,85,342
李庄古镇,2025-08-26,411,99,312
李庄古镇,2025-08-27,383,83,300
李庄古镇,2025-08-28,448,89,359
李庄古镇,2025-08-29,1914,91,1823
李庄古镇,2025-08-30,857,74,783
李庄古镇,2025-08-31,619,72,547
李庄古镇,2025-09-01,325,78,247
李庄古镇,2025-09-02,355,78,277
李庄古镇,2025-09-03,336,82,254
李庄古镇,2025-09-04,381,110,271
李庄古镇,2025-09-05,354,76,278
李庄古镇,2025-09-06,368,68,300
李庄古镇,2025-09-07,355,64,291
李庄古镇,2025-09-08,386,85,301
李庄古镇,2025-09-09,433,135,298
李庄古镇,2025-09-10,419,99,320
李庄古镇,2025-09-11,507,102,405
李庄古镇,2025-09-12,328,82,246
李庄古镇,2025-09-13,511,78,433
李庄古镇,2025-09-14,463,68,395
李庄古镇,2025-09-15,432,106,326
李庄古镇,2025-09-16,397,87,310
李庄古镇,2025-09-17,428,74,354
李庄古镇,2025-09-18,508,114,394
李庄古镇,2025-09-19,378,78,300
李庄古镇,2025-09-20,424,66,358
李庄古镇,2025-09-21,429,57,372
李庄古镇,2025-09-22,413,89,324
李庄古镇,2025-09-23,383,101,282
李庄古镇,2025-09-24,419,78,341
李庄古镇,2025-09-25,432,91,341
李庄古镇,2025-09-26,438,101,337
李庄古镇,2025-09-27,433,70,363
李庄古镇,2025-09-28,469,93,376
李庄古镇,2025-09-29,505,114,391
李庄古镇,2025-09-30,671,112,559
李庄古镇,2025-10-01,948,83,865
李庄古镇,2025-10-02,1002,68,934
李庄古镇,2025-10-03,1045,70,975
李庄古镇,2025-10-04,1021,74,947
李庄古镇,2025-10-05,1007,80,927
李庄古镇,2025-10-06,975,87,888
李庄古镇,2025-10-07,869,78,791
李庄古镇,2025-10-08,728,78,650
李庄古镇,2025-10-09,482,121,361
李庄古镇,2025-10-10,492,108,384
李庄古镇,2025-10-11,450,83,367
李庄古镇,2025-10-12,408,64,344
李庄古镇,2025-10-13,474,114,360
李庄古镇,2025-10-14,425,95,330
李庄古镇,2025-10-15,415,82,333
李庄古镇,2025-10-16,479,120,359
李庄古镇,2025-10-17,402,95,307
李庄古镇,2025-10-18,434,68,366
李庄古镇,2025-10-19,381,68,313
李庄古镇,2025-10-20,408,101,307
李庄古镇,2025-10-21,366,95,271
李庄古镇,2025-10-22,343,87,256
李庄古镇,2025-10-23,399,82,317
李庄古镇,2025-10-24,457,106,351
李庄古镇,2025-10-25,442,66,376
李庄古镇,2025-10-26,337,63,274
李庄古镇,2025-10-27,385,87,298
李庄古镇,2025-10-28,369,102,267
李庄古镇,2025-10-29,341,70,271
李庄古镇,2025-10-30,348,85,263
李庄古镇,2025-10-31,351,80,271
李庄古镇,2025-11-01,351,57,294
李庄古镇,2025-11-02,353,64,289
李庄古镇,2025-11-03,330,78,252
李庄古镇,2025-11-04,341,78,263
李庄古镇,2025-11-05,342,99,243
李庄古镇,2025-11-06,322,80,242
李庄古镇,2025-11-07,368,72,296
李庄古镇,2025-11-08,357,59,298
李庄古镇,2025-11-09,367,68,299
李庄古镇,2025-11-10,377,64,313
李庄古镇,2025-11-11,438,78,360
李庄古镇,2025-11-12,469,78,391
李庄古镇,2025-11-13,511,74,437
李庄古镇,2025-11-14,494,80,414
李庄古镇,2025-11-15,500,63,437
李庄古镇,2025-11-16,473,72,401
李庄古镇,2025-11-17,324,83,241
李庄古镇,2025-11-18,330,74,256
李庄古镇,2025-11-19,378,80,298
李庄古镇,2025-11-20,375,68,307
李庄古镇,2025-11-21,391,78,313
李庄古镇,2025-11-22,375,66,309
李庄古镇,2025-11-23,318,63,255
李庄古镇,2025-11-24,356,82,274
李庄古镇,2025-11-25,376,66,310
李庄古镇,2025-11-26,362,87,275
李庄古镇,2025-11-27,334,72,262
李庄古镇,2025-11-28,343,76,267
李庄古镇,2025-11-29,366,64,302
李庄古镇,2025-11-30,309,68,241
李庄古镇,2025-12-01,305,91,214
李庄古镇,2025-12-02,315,76,239
李庄古镇,2025-12-03,281,66,215
李庄古镇,2025-12-04,263,70,193
李庄古镇,2025-12-05,315,80,235
李庄古镇,2025-12-06,321,57,264
李庄古镇,2025-12-07,342,64,278
李庄古镇,2025-12-08,296,76,220
李庄古镇,2025-12-09,308,89,219
李庄古镇,2025-12-10,294,76,218
李庄古镇,2025-12-11,384,72,312
李庄古镇,2025-12-12,358,66,292
李庄古镇,2025-12-13,527,63,464
李庄古镇,2025-12-14,306,63,243
李庄古镇,2025-12-15,315,66,249
李庄古镇,2025-12-16,320,74,246
李庄古镇,2025-12-17,310,72,238
李庄古镇,2025-12-18,262,82,180
李庄古镇,2025-12-19,266,74,192
李庄古镇,2025-12-20,267,64,203
李庄古镇,2025-12-21,282,57,225
李庄古镇,2025-12-22,262,78,184
李庄古镇,2025-12-23,253,74,179
李庄古镇,2025-12-24,233,63,170
李庄古镇,2025-12-25,236,66,170
李庄古镇,2025-12-26,228,64,164
李庄古镇,2025-12-27,250,57,193
李庄古镇,2025-12-28,248,59,189
李庄古镇,2025-12-29,253,72,181
李庄古镇,2025-12-30,246,68,178
李庄古镇,2025-12-31,258,66,192
李庄古镇,2026-01-01,273,59,214
李庄古镇,2026-01-02,276,61,215
李庄古镇,2026-01-03,234,57,177
李庄古镇,2026-01-04,205,74,131
李庄古镇,2026-01-05,224,76,148
李庄古镇,2026-01-06,179,64,115
李庄古镇,2026-01-07,184,66,118
李庄古镇,2026-01-08,193,80,113
李庄古镇,2026-01-09,202,63,139
李庄古镇,2026-01-10,177,59,118
李庄古镇,2026-01-11,191,59,132
李庄古镇,2026-01-12,167,70,97
李庄古镇,2026-01-13,176,70,106
李庄古镇,2026-01-14,178,68,110
李庄古镇,2026-01-15,189,76,113
李庄古镇,2026-01-16,203,64,139
李庄古镇,2026-01-17,225,64,161
李庄古镇,2026-01-18,198,63,135
李庄古镇,2026-01-19,199,64,135
李庄古镇,2026-01-20,217,66,151
李庄古镇,2026-01-21,200,66,134
李庄古镇,2026-01-22,214,70,144
李庄古镇,2026-01-23,197,63,134
李庄古镇,2026-01-24,182,63,119
李庄古镇,2026-01-25,187,57,130
李庄古镇,2026-01-26,187,59,128
李庄古镇,2026-01-27,180,61,119
李庄古镇,2026-01-28,186,74,112
李庄古镇,2026-01-29,202,70,132
李庄古镇,2026-01-30,175,63,112
李庄古镇,2026-01-31,207,59,148
李庄古镇,2026-02-01,199,61,138
李庄古镇,2026-02-02,185,64,121
李庄古镇,2026-02-03,174,57,117
李庄古镇,2026-02-04,191,72,119
李庄古镇,2026-02-05,199,74,125
李庄古镇,2026-02-06,210,59,151
李庄古镇,2026-02-07,139,0,139
李庄古镇,2026-02-08,200,57,143
李庄古镇,2026-02-09,183,61,122
李庄古镇,2026-02-10,216,64,152
李庄古镇,2026-02-11,216,68,148
李庄古镇,2026-02-12,224,63,161
李庄古镇,2026-02-13,221,66,155
李庄古镇,2026-02-14,234,64,170
李庄古镇,2026-02-15,241,59,182
李庄古镇,2026-02-16,283,59,224
李庄古镇,2026-02-17,394,59,335
李庄古镇,2026-02-18,497,61,436
李庄古镇,2026-02-19,465,59,406
李庄古镇,2026-02-20,477,61,416
李庄古镇,2026-02-21,486,64,422
李庄古镇,2026-02-22,384,61,323
李庄古镇,2026-02-23,325,61,264
李庄古镇,2026-02-24,277,78,199
李庄古镇,2026-02-25,265,66,199
李庄古镇,2026-02-26,252,78,174
李庄古镇,2026-02-27,275,78,197
李庄古镇,2026-02-28,256,70,186
李庄古镇,2026-03-01,223,68,155
李庄古镇,2026-03-02,203,64,139
李庄古镇,2026-03-03,206,83,123
李庄古镇,2026-03-04,214,82,132
李庄古镇,2026-03-05,228,68,160
李庄古镇,2026-03-06,230,76,154
李庄古镇,2026-03-07,273,61,212
李庄古镇,2026-03-08,257,59,198
李庄古镇,2026-03-09,195,64,131
李庄古镇,2026-03-10,192,61,131
李庄古镇,2026-03-11,225,74,151
李庄古镇,2026-03-12,219,76,143
李庄古镇,2026-03-13,224,76,148
李庄古镇,2026-03-14,208,57,151
李庄古镇,2026-03-15,193,68,125
李庄古镇,2026-03-16,232,66,166
李庄古镇,2026-03-17,226,72,154
李庄古镇,2026-03-18,241,93,148
李庄古镇,2026-03-19,191,61,130
李庄古镇,2026-03-20,243,82,161
李庄古镇,2026-03-21,238,57,181
李庄古镇,2026-03-22,238,59,179
李庄古镇,2026-03-23,259,85,174
李庄古镇,2026-03-24,239,85,154
李庄古镇,2026-03-25,228,97,131
李庄古镇,2026-03-26,239,82,157
李庄古镇,2026-03-27,246,91,155
李庄古镇,2026-03-28,237,63,174
李庄古镇,2026-03-29,224,59,165
李庄古镇,2026-03-30,223,78,145
李庄古镇,2026-03-31,262,82,180
李庄古镇,2026-04-01,305,106,199
李庄古镇,2026-04-02,302,83,219
李庄古镇,2026-04-03,363,78,285
李庄古镇,2026-04-04,423,74,349
李庄古镇,2026-04-05,425,59,366
李庄古镇,2026-04-06,276,61,215
李庄古镇,2026-04-07,248,80,168
李庄古镇,2026-04-08,245,80,165
李庄古镇,2026-04-09,248,64,184
李庄古镇,2026-04-10,239,61,178
李庄古镇,2026-04-11,219,64,155
李庄古镇,2026-04-12,241,61,180
李庄古镇,2026-04-13,225,70,155
李庄古镇,2026-04-14,219,68,151
李庄古镇,2026-04-15,225,61,164
李庄古镇,2026-04-16,240,66,174
李庄古镇,2026-04-17,205,66,139
李庄古镇,2026-04-18,235,57,178
李庄古镇,2026-04-19,228,61,167
李庄古镇,2026-04-20,228,68,160
李庄古镇,2026-04-21,206,68,138
李庄古镇,2026-04-22,225,87,138
李庄古镇,2026-04-23,246,63,183
李庄古镇,2026-04-24,206,68,138
李庄古镇,2026-04-25,219,64,155
李庄古镇,2026-04-26,232,61,171
李庄古镇,2026-04-27,243,72,171
李庄古镇,2026-04-28,253,102,151
李庄古镇,2026-04-29,233,85,148
李庄古镇,2026-04-30,288,82,206
李庄古镇,2026-05-01,353,59,294
李庄古镇,2026-05-02,486,59,427
李庄古镇,2026-05-03,443,63,380
李庄古镇,2026-05-04,297,59,238
李庄古镇,2026-05-05,174,0,174
李庄古镇,2026-05-06,223,82,141
李庄古镇,2026-05-07,220,76,144
李庄古镇,2026-05-08,203,68,135
李庄古镇,2026-05-09,185,57,128
李庄古镇,2026-05-10,174,59,115
李庄古镇,2026-05-11,177,68,109
李庄古镇,2026-05-12,194,72,122
李庄古镇,2026-05-13,202,68,134
李庄古镇,2026-05-14,199,64,135
李庄古镇,2026-05-15,217,66,151
李庄古镇,2026-05-16,139,0,139
李庄古镇,2026-05-17,212,57,155
李庄古镇,2026-05-18,186,68,118
李庄古镇,2026-05-19,194,64,130
李庄古镇,2026-05-20,190,72,118
李庄古镇,2026-05-21,169,72,97
李庄古镇,2026-05-22,184,63,121
李庄古镇,2026-05-23,191,59,132
李庄古镇,2026-05-24,170,66,104
李庄古镇,2026-05-25,187,70,117
李庄古镇,2026-05-26,187,72,115
李庄古镇,2026-05-27,178,68,110
李庄古镇,2026-05-28,195,74,121
李庄古镇,2026-05-29,177,64,113
李庄古镇,2026-05-30,123,0,123
李庄古镇,2026-05-31,165,57,108
李庄古镇,2026-06-01,183,68,115
李庄古镇,2026-06-02,180,63,117
李庄古镇,2026-06-03,216,61,155
李庄古镇,2026-06-04,246,72,174
李庄古镇,2026-06-05,224,66,158
李庄古镇,2026-06-06,176,59,117
李庄古镇,2026-06-07,178,57,121
李庄古镇,2026-06-08,187,72,115
李庄古镇,2026-06-09,172,63,109
李庄古镇,2026-06-10,188,57,131
李庄古镇,2026-06-11,191,61,130
李庄古镇,2026-06-12,185,66,119
李庄古镇,2026-06-13,202,61,141
李庄古镇,2026-06-14,183,57,126
李庄古镇,2026-06-15,181,64,117
李庄古镇,2026-06-16,179,70,109
李庄古镇,2026-06-17,194,64,130
李庄古镇,2026-06-18,177,68,109
李庄古镇,2026-06-19,232,59,173
李庄古镇,2026-06-20,245,63,182
李庄古镇,2026-06-21,172,59,113
李庄古镇,2026-06-22,173,64,109
李庄古镇,2026-06-23,187,66,121
李庄古镇,2026-06-24,149,57,92
李庄古镇,2026-06-25,169,72,97
李庄古镇,2026-06-26,179,64,115
李庄古镇,2026-06-27,177,59,118
李庄古镇,2026-06-28,171,59,112
李庄古镇,2026-06-29,196,64,132
李庄古镇,2026-06-30,172,57,115
李庄古镇,2026-07-01,182,64,118
李庄古镇,2026-07-02,156,61,95
李庄古镇,2026-07-03,100,0,100
李庄古镇,2026-07-04,176,57,119
李庄古镇,2026-07-05,152,57,95
李庄古镇,2026-07-06,174,66,108
李庄古镇,2026-07-07,159,63,96
李庄古镇,2026-07-08,162,63,99
李庄古镇,2026-07-09,171,66,105
李庄古镇,2026-07-10,158,59,99
李庄古镇,2026-07-11,93,0,93
李庄古镇,2026-07-12,89,0,89
李庄古镇,2026-07-13,145,59,86
李庄古镇,2026-07-14,160,64,96
李庄古镇,2026-07-15,169,63,106
李庄古镇,2026-07-16,148,61,87
李庄古镇,2026-07-17,143,61,82
李庄古镇,2026-07-18,96,0,96
李庄古镇,2026-07-19,166,61,105
李庄古镇,2026-07-20,156,64,92
李庄古镇,2026-07-21,174,59,115
李庄古镇,2026-07-22,157,61,96
李庄古镇,2026-07-23,172,66,106
李庄古镇,2026-07-24,159,70,89
李庄古镇,2026-07-25,122,0,122
李庄古镇,2026-07-26,156,59,97
李庄古镇,2026-07-27,182,59,123
李庄古镇,2026-07-28,173,64,109
李庄古镇,2026-07-29,157,64,93
李庄古镇,2026-07-30,165,59,106
李庄古镇,2026-07-31,130,0,130
李庄古镇,2026-08-01,195,64,131
李庄古镇,2026-08-02,198,57,141
李庄古镇,2026-08-03,224,61,163
李庄古镇,2026-08-04,199,64,135
李庄古镇,2026-08-05,189,59,130
李庄古镇,2026-08-06,192,64,128
李庄古镇,2026-08-07,187,61,126
李庄古镇,2026-08-08,222,59,163
李庄古镇,2026-08-09,200,57,143
李庄古镇,2026-08-10,191,63,128
李庄古镇,2026-08-11,207,63,144
李庄古镇,2026-08-12,182,61,121
李庄古镇,2026-08-13,216,72,144
李庄古镇,2026-08-14,170,64,106
李庄古镇,2026-08-15,126,0,126
李庄古镇,2026-08-16,179,57,122
李庄古镇,2026-08-17,176,57,119
李庄古镇,2026-08-18,172,66,106
李庄古镇,2026-08-19,202,63,139
李庄古镇,2026-08-20,219,64,155
李庄古镇,2026-08-21,187,61,126
李庄古镇,2026-08-22,211,57,154
李庄古镇,2026-08-23,177,59,118
李庄古镇,2026-08-24,198,72,126
李庄古镇,2026-08-25,198,59,139
李庄古镇,2026-08-26,157,61,96
李庄古镇,2026-08-27,165,57,108
李庄古镇,2026-08-28,126,0,126
李庄古镇,2026-08-29,191,59,132
李庄古镇,2026-08-30,122,0,122
李庄古镇,2026-08-31,188,66,122
李庄古镇,2026-09-01,165,70,95
李庄古镇,2026-09-02,170,64,106
李庄古镇,2026-09-03,163,61,102
李庄古镇,2026-09-04,172,57,115
李庄古镇,2026-09-05,202,63,139
李庄古镇,2026-09-06,194,59,135
李庄古镇,2026-09-07,178,59,119
李庄古镇,2026-09-08,173,63,110
李庄古镇,2026-09-09,201,66,135
李庄古镇,2026-09-10,214,63,151
李庄古镇,2026-09-11,201,63,138
李庄古镇,2026-09-12,194,59,135
李庄古镇,2026-09-13,205,57,148
蜀南竹海,2022-01-01,479,95,384
蜀南竹海,2022-01-02,411,87,324
蜀南竹海,2022-01-03,435,80,355
蜀南竹海,2022-01-04,391,125,266
蜀南竹海,2022-01-05,397,127,270
蜀南竹海,2022-01-06,375,114,261
蜀南竹海,2022-01-07,366,116,250
蜀南竹海,2022-01-08,368,104,264
蜀南竹海,2022-01-09,369,123,246
蜀南竹海,2022-01-10,364,129,235
蜀南竹海,2022-01-11,360,104,256
蜀南竹海,2022-01-12,310,110,200
蜀南竹海,2022-01-13,371,108,263
蜀南竹海,2022-01-14,331,99,232
蜀南竹海,2022-01-15,378,104,274
蜀南竹海,2022-01-16,358,116,242
蜀南竹海,2022-01-17,360,118,242
蜀南竹海,2022-01-18,405,146,259
蜀南竹海,2022-01-19,359,127,232
蜀南竹海,2022-01-20,359,110,249
蜀南竹海,2022-01-21,385,125,260
蜀南竹海,2022-01-22,424,114,310
蜀南竹海,2022-01-23,359,102,257
蜀南竹海,2022-01-24,364,114,250
蜀南竹海,2022-01-25,402,102,300
蜀南竹海,2022-01-26,443,133,310
蜀南竹海,2022-01-27,439,159,280
蜀南竹海,2022-01-28,442,154,288
蜀南竹海,2022-01-29,500,148,352
蜀南竹海,2022-01-30,530,158,372
蜀南竹海,2022-01-31,517,151,366
蜀南竹海,2022-02-01,727,157,570
蜀南竹海,2022-02-02,797,131,666
蜀南竹海,2022-02-03,909,155,754
蜀南竹海,2022-02-04,811,152,659
蜀南竹海,2022-02-05,733,148,585
蜀南竹海,2022-02-06,531,157,374
蜀南竹海,2022-02-07,575,166,409
蜀南竹海,2022-02-08,615,186,429
蜀南竹海,2022-02-09,639,207,432
蜀南竹海,2022-02-10,540,166,374
蜀南竹海,2022-02-11,590,186,404
蜀南竹海,2022-02-12,584,170,414
蜀南竹海,2022-02-13,591,161,430
蜀南竹海,2022-02-14,574,200,374
蜀南竹海,2022-02-15,603,205,398
蜀南竹海,2022-02-16,545,229,316
蜀南竹海,2022-02-17,571,237,334
蜀南竹海,2022-02-18,553,225,328
蜀南竹海,2022-02-19,514,176,338
蜀南竹海,2022-02-20,457,180,277
蜀南竹海,2022-02-21,567,290,277
蜀南竹海,2022-02-22,537,236,301
蜀南竹海,2022-02-23,428,155,273
蜀南竹海,2022-02-24,418,158,260
蜀南竹海,2022-02-25,474,159,315
蜀南竹海,2022-02-26,438,140,298
蜀南竹海,2022-02-27,463,121,342
蜀南竹海,2022-02-28,467,158,309
蜀南竹海,2022-03-01,491,168,323
蜀南竹海,2022-03-02,480,188,292
蜀南竹海,2022-03-03,524,187,337
蜀南竹海,2022-03-04,500,170,330
蜀南竹海,2022-03-05,434,121,313
蜀南竹海,2022-03-06,484,139,345
蜀南竹海,2022-03-07,548,172,376
蜀南竹海,2022-03-08,521,191,330
蜀南竹海,2022-03-09,545,184,361
蜀南竹海,2022-03-10,551,188,363
蜀南竹海,2022-03-11,510,173,337
蜀南竹海,2022-03-12,517,159,358
蜀南竹海,2022-03-13,526,146,380
蜀南竹海,2022-03-14,560,179,381
蜀南竹海,2022-03-15,562,182,380
蜀南竹海,2022-03-16,482,169,313
蜀南竹海,2022-03-17,485,176,309
蜀南竹海,2022-03-18,604,198,406
蜀南竹海,2022-03-19,532,142,390
蜀南竹海,2022-03-20,464,159,305
蜀南竹海,2022-03-21,497,177,320
蜀南竹海,2022-03-22,578,190,388
蜀南竹海,2022-03-23,515,175,340
蜀南竹海,2022-03-24,591,186,405
蜀南竹海,2022-03-25,565,213,352
蜀南竹海,2022-03-26,578,159,419
蜀南竹海,2022-03-27,548,157,391
蜀南竹海,2022-03-28,695,209,486
蜀南竹海,2022-03-29,629,215,414
蜀南竹海,2022-03-30,714,213,501
蜀南竹海,2022-03-31,680,228,452
蜀南竹海,2022-04-01,634,198,436
蜀南竹海,2022-04-02,712,212,500
蜀南竹海,2022-04-03,730,183,547
蜀南竹海,2022-04-04,562,148,414
蜀南竹海,2022-04-05,563,150,413
蜀南竹海,2022-04-06,656,201,455
蜀南竹海,2022-04-07,497,177,320
蜀南竹海,2022-04-08,503,172,331
蜀南竹海,2022-04-09,436,131,305
蜀南竹海,2022-04-10,451,118,333
蜀南竹海,2022-04-11,544,195,349
蜀南竹海,2022-04-12,507,207,300
蜀南竹海,2022-04-13,577,201,376
蜀南竹海,2022-04-14,549,188,361
蜀南竹海,2022-04-15,525,219,306
蜀南竹海,2022-04-16,432,129,303
蜀南竹海,2022-04-17,517,151,366
蜀南竹海,2022-04-18,530,188,342
蜀南竹海,2022-04-19,586,219,367
蜀南竹海,2022-04-20,591,207,384
蜀南竹海,2022-04-21,622,211,411
蜀南竹海,2022-04-22,590,168,422
蜀南竹海,2022-04-23,600,186,414
蜀南竹海,2022-04-24,744,282,462
蜀南竹海,2022-04-25,758,240,518
蜀南竹海,2022-04-26,723,233,490
蜀南竹海,2022-04-27,827,270,557
蜀南竹海,2022-04-28,794,220,574
蜀南竹海,2022-04-29,912,231,681
蜀南竹海,2022-04-30,934,182,752
蜀南竹海,2022-05-01,937,158,779
蜀南竹海,2022-05-02,993,175,818
蜀南竹海,2022-05-03,845,183,662
蜀南竹海,2022-05-04,784,202,582
蜀南竹海,2022-05-05,818,226,592
蜀南竹海,2022-05-06,677,190,487
蜀南竹海,2022-05-07,676,208,468
蜀南竹海,2022-05-08,648,166,482
蜀南竹海,2022-05-09,652,208,444
蜀南竹海,2022-05-10,655,226,429
蜀南竹海,2022-05-11,644,204,440
蜀南竹海,2022-05-12,658,165,493
蜀南竹海,2022-05-13,635,195,440
蜀南竹海,2022-05-14,537,142,395
蜀南竹海,2022-05-15,541,142,399
蜀南竹海,2022-05-16,626,211,415
蜀南竹海,2022-05-17,623,180,443
蜀南竹海,2022-05-18,559,183,376
蜀南竹海,2022-05-19,620,176,444
蜀南竹海,2022-05-20,660,157,503
蜀南竹海,2022-05-21,607,146,461
蜀南竹海,2022-05-22,620,169,451
蜀南竹海,2022-05-23,609,180,429
蜀南竹海,2022-05-24,570,190,380
蜀南竹海,2022-05-25,584,172,412
蜀南竹海,2022-05-26,584,165,419
蜀南竹海,2022-05-27,606,176,430
蜀南竹海,2022-05-28,594,144,450
蜀南竹海,2022-05-29,622,165,457
蜀南竹海,2022-05-30,649,219,430
蜀南竹海,2022-05-31,634,182,452
蜀南竹海,2022-06-01,711,182,529
蜀南竹海,2022-06-02,835,211,624
蜀南竹海,2022-06-03,844,139,705
蜀南竹海,2022-06-04,749,121,628
蜀南竹海,2022-06-05,677,158,519
蜀南竹海,2022-06-06,692,212,480
蜀南竹海,2022-06-07,689,190,499
蜀南竹海,2022-06-08,712,176,536
蜀南竹海,2022-06-09,772,207,565
蜀南竹海,2022-06-10,754,168,586
蜀南竹海,2022-06-11,677,169,508
蜀南竹海,2022-06-12,709,163,546
蜀南竹海,2022-06-13,726,194,532
蜀南竹海,2022-06-14,761,184,577
蜀南竹海,2022-06-15,730,170,560
蜀南竹海,2022-06-16,764,201,563
蜀南竹海,2022-06-17,837,194,643
蜀南竹海,2022-06-18,777,120,657
蜀南竹海,2022-06-19,789,104,685
蜀南竹海,2022-06-20,750,161,589
蜀南竹海,2022-06-21,758,162,596
蜀南竹海,2022-06-22,792,157,635
蜀南竹海,2022-06-23,768,179,589
蜀南竹海,2022-06-24,800,166,634
蜀南竹海,2022-06-25,802,121,681
蜀南竹海,2022-06-26,711,104,607
蜀南竹海,2022-06-27,751,173,578
蜀南竹海,2022-06-28,864,173,691
蜀南竹海,2022-06-29,899,204,695
蜀南竹海,2022-06-30,925,180,745
蜀南竹海,2022-07-01,956,162,794
蜀南竹海,2022-07-02,861,123,738
蜀南竹海,2022-07-03,845,129,716
蜀南竹海,2022-07-04,921,191,730
蜀南竹海,2022-07-05,942,190,752
蜀南竹海,2022-07-06,998,184,814
蜀南竹海,2022-07-07,976,182,794
蜀南竹海,2022-07-08,1017,188,829
蜀南竹海,2022-07-09,957,114,843
蜀南竹海,2022-07-10,888,116,772
蜀南竹海,2022-07-11,1023,202,821
蜀南竹海,2022-07-12,946,187,759
蜀南竹海,2022-07-13,1013,190,823
蜀南竹海,2022-07-14,1040,183,857
蜀南竹海,2022-07-15,1047,190,857
蜀南竹海,2022-07-16,973,129,844
蜀南竹海,2022-07-17,894,114,780
蜀南竹海,2022-07-18,819,150,669
蜀南竹海,2022-07-19,840,169,671
蜀南竹海,2022-07-20,903,152,751
蜀南竹海,2022-07-21,843,162,681
蜀南竹海,2022-07-22,863,158,705
蜀南竹海,2022-07-23,840,121,719
蜀南竹海,2022-07-24,798,99,699
蜀南竹海,2022-07-25,918,169,749
蜀南竹海,2022-07-26,925,180,745
蜀南竹海,2022-07-27,891,179,712
蜀南竹海,2022-07-28,966,182,784
蜀南竹海,2022-07-29,915,158,757
蜀南竹海,2022-07-30,950,106,844
蜀南竹海,2022-07-31,928,106,822
蜀南竹海,2022-08-01,1046,198,848
蜀南竹海,2022-08-02,871,161,710
蜀南竹海,2022-08-03,1001,162,839
蜀南竹海,2022-08-04,1034,195,839
蜀南竹海,2022-08-05,1047,187,860
蜀南竹海,2022-08-06,978,104,874
蜀南竹海,2022-08-07,951,99,852
蜀南竹海,2022-08-08,1011,208,803
蜀南竹海,2022-08-09,1069,222,847
蜀南竹海,2022-08-10,1049,193,856
蜀南竹海,2022-08-11,1032,179,853
蜀南竹海,2022-08-12,1020,165,855
蜀南竹海,2022-08-13,977,127,850
蜀南竹海,2022-08-14,905,121,784
蜀南竹海,2022-08-15,952,155,797
蜀南竹海,2022-08-16,895,150,745
蜀南竹海,2022-08-17,873,161,712
蜀南竹海,2022-08-18,905,162,743
蜀南竹海,2022-08-19,891,165,726
蜀南竹海,2022-08-20,777,99,678
蜀南竹海,2022-08-21,738,118,620
蜀南竹海,2022-08-22,766,170,596
蜀南竹海,2022-08-23,702,123,579
蜀南竹海,2022-08-24,644,144,500
蜀南竹海,2022-08-25,633,139,494
蜀南竹海,2022-08-26,568,131,437
蜀南竹海,2022-08-27,554,102,452
蜀南竹海,2022-08-28,521,101,420
蜀南竹海,2022-08-29,503,152,351
蜀南竹海,2022-08-30,531,125,406
蜀南竹海,2022-08-31,427,135,292
蜀南竹海,2022-09-01,413,135,278
蜀南竹海,2022-09-02,391,121,270
蜀南竹海,2022-09-03,354,97,257
蜀南竹海,2022-09-04,351,85,266
蜀南竹海,2022-09-05,404,133,271
蜀南竹海,2022-09-06,404,123,281
蜀南竹海,2022-09-07,366,120,246
蜀南竹海,2022-09-08,382,112,270
蜀南竹海,2022-09-09,357,116,241
蜀南竹海,2022-09-10,279,78,201
蜀南竹海,2022-09-11,363,101,262
蜀南竹海,2022-09-12,392,108,284
蜀南竹海,2022-09-13,399,125,274
蜀南竹海,2022-09-14,350,101,249
蜀南竹海,2022-09-15,377,118,259
蜀南竹海,2022-09-16,366,114,252
蜀南竹海,2022-09-17,411,91,320
蜀南竹海,2022-09-18,369,108,261
蜀南竹海,2022-09-19,378,118,260
蜀南竹海,2022-09-20,355,110,245
蜀南竹海,2022-09-21,366,127,239
蜀南竹海,2022-09-22,334,125,209
蜀南竹海,2022-09-23,332,101,231
蜀南竹海,2022-09-24,391,106,285
蜀南竹海,2022-09-25,351,78,273
蜀南竹海,2022-09-26,423,129,294
蜀南竹海,2022-09-27,411,133,278
蜀南竹海,2022-09-28,443,123,320
蜀南竹海,2022-09-29,454,151,303
蜀南竹海,2022-09-30,509,158,351
蜀南竹海,2022-10-01,456,83,373
蜀南竹海,2022-10-02,505,85,420
蜀南竹海,2022-10-03,491,85,406
蜀南竹海,2022-10-04,451,89,362
蜀南竹海,2022-10-05,482,91,391
蜀南竹海,2022-10-06,437,83,354
蜀南竹海,2022-10-07,446,102,344
蜀南竹海,2022-10-08,366,131,235
蜀南竹海,2022-10-09,311,97,214
蜀南竹海,2022-10-10,301,93,208
蜀南竹海,2022-10-11,356,125,231
蜀南竹海,2022-10-12,353,114,239
蜀南竹海,2022-10-13,326,114,212
蜀南竹海,2022-10-14,315,93,222
蜀南竹海,2022-10-15,293,78,215
蜀南竹海,2022-10-16,324,85,239
蜀南竹海,2022-10-17,352,118,234
蜀南竹海,2022-10-18,392,139,253
蜀南竹海,2022-10-19,389,101,288
蜀南竹海,2022-10-20,355,106,249
蜀南竹海,2022-10-21,374,121,253
蜀南竹海,2022-10-22,379,91,288
蜀南竹海,2022-10-23,325,80,245
蜀南竹海,2022-10-24,347,112,235
蜀南竹海,2022-10-25,360,135,225
蜀南竹海,2022-10-26,368,93,275
蜀南竹海,2022-10-27,359,97,262
蜀南竹海,2022-10-28,358,110,248
蜀南竹海,2022-10-29,359,91,268
蜀南竹海,2022-10-30,347,70,277
蜀南竹海,2022-10-31,349,118,231
蜀南竹海,2022-11-01,414,127,287
蜀南竹海,2022-11-02,419,116,303
蜀南竹海,2022-11-03,369,102,267
蜀南竹海,2022-11-04,354,106,248
蜀南竹海,2022-11-05,324,78,246
蜀南竹海,2022-11-06,368,99,269
蜀南竹海,2022-11-07,348,99,249
蜀南竹海,2022-11-08,438,158,280
蜀南竹海,2022-11-09,408,123,285
蜀南竹海,2022-11-10,412,127,285
蜀南竹海,2022-11-11,409,121,288
蜀南竹海,2022-11-12,349,93,256
蜀南竹海,2022-11-13,317,85,232
蜀南竹海,2022-11-14,358,150,208
蜀南竹海,2022-11-15,365,102,263
蜀南竹海,2022-11-16,337,95,242
蜀南竹海,2022-11-17,365,120,245
蜀南竹海,2022-11-18,340,101,239
蜀南竹海,2022-11-19,327,95,232
蜀南竹海,2022-11-20,373,95,278
蜀南竹海,2022-11-21,344,112,232
蜀南竹海,2022-11-22,375,116,259
蜀南竹海,2022-11-23,364,114,250
蜀南竹海,2022-11-24,348,106,242
蜀南竹海,2022-11-25,330,118,212
蜀南竹海,2022-11-26,325,78,247
蜀南竹海,2022-11-27,327,80,247
蜀南竹海,2022-11-28,368,108,260
蜀南竹海,2022-11-29,337,106,231
蜀南竹海,2022-11-30,362,121,241
蜀南竹海,2022-12-01,313,91,222
蜀南竹海,2022-12-02,318,101,217
蜀南竹海,2022-12-03,305,74,231
蜀南竹海,2022-12-04,330,80,250
蜀南竹海,2022-12-05,344,106,238
蜀南竹海,2022-12-06,362,114,248
蜀南竹海,2022-12-07,389,142,247
蜀南竹海,2022-12-08,358,110,248
蜀南竹海,2022-12-09,348,116,232
蜀南竹海,2022-12-10,297,80,217
蜀南竹海,2022-12-11,347,91,256
蜀南竹海,2022-12-12,301,97,204
蜀南竹海,2022-12-13,355,121,234
蜀南竹海,2022-12-14,299,110,189
蜀南竹海,2022-12-15,260,76,184
蜀南竹海,2022-12-16,251,83,168
蜀南竹海,2022-12-17,256,76,180
蜀南竹海,2022-12-18,274,82,192
蜀南竹海,2022-12-19,271,78,193
蜀南竹海,2022-12-20,258,74,184
蜀南竹海,2022-12-21,258,87,171
蜀南竹海,2022-12-22,301,99,202
蜀南竹海,2022-12-23,278,89,189
蜀南竹海,2022-12-24,283,80,203
蜀南竹海,2022-12-25,261,78,183
蜀南竹海,2022-12-26,334,112,222
蜀南竹海,2022-12-27,331,104,227
蜀南竹海,2022-12-28,351,106,245
蜀南竹海,2022-12-29,312,97,215
蜀南竹海,2022-12-30,345,114,231
蜀南竹海,2022-12-31,382,83,299
蜀南竹海,2023-01-01,341,91,250
蜀南竹海,2023-01-02,347,83,264
蜀南竹海,2023-01-03,352,116,236
蜀南竹海,2023-01-04,356,127,229
蜀南竹海,2023-01-05,400,127,273
蜀南竹海,2023-01-06,419,116,303
蜀南竹海,2023-01-07,373,85,288
蜀南竹海,2023-01-08,408,87,321
蜀南竹海,2023-01-09,412,125,287
蜀南竹海,2023-01-10,462,154,308
蜀南竹海,2023-01-11,482,116,366
蜀南竹海,2023-01-12,504,150,354
蜀南竹海,2023-01-13,493,127,366
蜀南竹海,2023-01-14,466,89,377
蜀南竹海,2023-01-15,480,89,391
蜀南竹海,2023-01-16,484,112,372
蜀南竹海,2023-01-17,488,137,351
蜀南竹海,2023-01-18,493,112,381
蜀南竹海,2023-01-19,482,89,393
蜀南竹海,2023-01-20,488,83,405
蜀南竹海,2023-01-21,471,80,391
蜀南竹海,2023-01-22,926,89,837
蜀南竹海,2023-01-23,954,85,869
蜀南竹海,2023-01-24,952,83,869
蜀南竹海,2023-01-25,946,80,866
蜀南竹海,2023-01-26,851,78,773
蜀南竹海,2023-01-27,692,72,620
蜀南竹海,2023-01-28,709,118,591
蜀南竹海,2023-01-29,659,123,536
蜀南竹海,2023-01-30,575,106,469
蜀南竹海,2023-01-31,573,114,459
蜀南竹海,2023-02-01,559,120,439
蜀南竹海,2023-02-02,488,116,372
蜀南竹海,2023-02-03,500,106,394
蜀南竹海,2023-02-04,498,82,416
蜀南竹海,2023-02-05,454,93,361
蜀南竹海,2023-02-06,505,129,376
蜀南竹海,2023-02-07,452,121,331
蜀南竹海,2023-02-08,512,129,383
蜀南竹海,2023-02-09,471,110,361
蜀南竹海,2023-02-10,464,133,331
蜀南竹海,2023-02-11,465,99,366
蜀南竹海,2023-02-12,445,78,367
蜀南竹海,2023-02-13,489,129,360
蜀南竹海,2023-02-14,429,114,315
蜀南竹海,2023-02-15,454,139,315
蜀南竹海,2023-02-16,471,102,369
蜀南竹海,2023-02-17,487,108,379
蜀南竹海,2023-02-18,502,82,420
蜀南竹海,2023-02-19,502,93,409
蜀南竹海,2023-02-20,517,137,380
蜀南竹海,2023-02-21,519,140,379
蜀南竹海,2023-02-22,496,127,369
蜀南竹海,2023-02-23,478,125,353
蜀南竹海,2023-02-24,530,131,399
蜀南竹海,2023-02-25,432,80,352
蜀南竹海,2023-02-26,505,93,412
蜀南竹海,2023-02-27,511,123,388
蜀南竹海,2023-02-28,541,114,427
蜀南竹海,2023-03-01,508,129,379
蜀南竹海,2023-03-02,526,118,408
蜀南竹海,2023-03-03,534,95,439
蜀南竹海,2023-03-04,515,101,414
蜀南竹海,2023-03-05,480,89,391
蜀南竹海,2023-03-06,509,123,386
蜀南竹海,2023-03-07,599,152,447
蜀南竹海,2023-03-08,601,154,447
蜀南竹海,2023-03-09,580,157,423
蜀南竹海,2023-03-10,576,140,436
蜀南竹海,2023-03-11,540,83,457
蜀南竹海,2023-03-12,517,91,426
蜀南竹海,2023-03-13,538,108,430
蜀南竹海,2023-03-14,554,135,419
蜀南竹海,2023-03-15,597,133,464
蜀南竹海,2023-03-16,592,155,437
蜀南竹海,2023-03-17,626,161,465
蜀南竹海,2023-03-18,589,91,498
蜀南竹海,2023-03-19,578,99,479
蜀南竹海,2023-03-20,643,161,482
蜀南竹海,2023-03-21,634,169,465
蜀南竹海,2023-03-22,610,146,464
蜀南竹海,2023-03-23,690,159,531
蜀南竹海,2023-03-24,640,161,479
蜀南竹海,2023-03-25,627,108,519
蜀南竹海,2023-03-26,637,87,550
蜀南竹海,2023-03-27,670,176,494
蜀南竹海,2023-03-28,673,154,519
蜀南竹海,2023-03-29,626,144,482
蜀南竹海,2023-03-30,668,182,486
蜀南竹海,2023-03-31,758,173,585
蜀南竹海,2023-04-01,646,102,544
蜀南竹海,2023-04-02,680,112,568
蜀南竹海,2023-04-03,743,179,564
蜀南竹海,2023-04-04,779,180,599
蜀南竹海,2023-04-05,697,106,591
蜀南竹海,2023-04-06,793,180,613
蜀南竹海,2023-04-07,781,129,652
蜀南竹海,2023-04-08,833,118,715
蜀南竹海,2023-04-09,730,85,645
蜀南竹海,2023-04-10,920,176,744
蜀南竹海,2023-04-11,858,159,699
蜀南竹海,2023-04-12,903,158,745
蜀南竹海,2023-04-13,927,190,737
蜀南竹海,2023-04-14,900,155,745
蜀南竹海,2023-04-15,945,129,816
蜀南竹海,2023-04-16,885,116,769
蜀南竹海,2023-04-17,1049,220,829
蜀南竹海,2023-04-18,950,194,756
蜀南竹海,2023-04-19,881,193,688
蜀南竹海,2023-04-20,947,207,740
蜀南竹海,2023-04-21,981,193,788
蜀南竹海,2023-04-22,934,116,818
蜀南竹海,2023-04-23,982,194,788
蜀南竹海,2023-04-24,927,205,722
蜀南竹海,2023-04-25,1050,209,841
蜀南竹海,2023-04-26,1088,260,828
蜀南竹海,2023-04-27,1116,250,866
蜀南竹海,2023-04-28,1126,215,911
蜀南竹海,2023-04-29,1297,150,1147
蜀南竹海,2023-04-30,1412,118,1294
蜀南竹海,2023-05-01,1191,108,1083
蜀南竹海,2023-05-02,987,85,902
蜀南竹海,2023-05-03,963,116,847
蜀南竹海,2023-05-04,901,205,696
蜀南竹海,2023-05-05,760,161,599
蜀南竹海,2023-05-06,696,165,531
蜀南竹海,2023-05-07,577,95,482
蜀南竹海,2023-05-08,612,148,464
蜀南竹海,2023-05-09,636,151,485
蜀南竹海,2023-05-10,668,161,507
蜀南竹海,2023-05-11,702,163,539
蜀南竹海,2023-05-12,617,162,455
蜀南竹海,2023-05-13,684,102,582
蜀南竹海,2023-05-14,637,87,550
蜀南竹海,2023-05-15,674,162,512
蜀南竹海,2023-05-16,679,155,524
蜀南竹海,2023-05-17,627,151,476
蜀南竹海,2023-05-18,682,154,528
蜀南竹海,2023-05-19,672,159,513
蜀南竹海,2023-05-20,605,97,508
蜀南竹海,2023-05-21,609,91,518
蜀南竹海,2023-05-22,556,91,465
蜀南竹海,2023-05-23,568,104,464
蜀南竹海,2023-05-24,649,162,487
蜀南竹海,2023-05-25,695,194,501
蜀南竹海,2023-05-26,665,129,536
蜀南竹海,2023-05-27,581,101,480
蜀南竹海,2023-05-28,696,78,618
蜀南竹海,2023-05-29,582,135,447
蜀南竹海,2023-05-30,620,137,483
蜀南竹海,2023-05-31,621,166,455
蜀南竹海,2023-06-01,553,169,384
蜀南竹海,2023-06-02,653,139,514
蜀南竹海,2023-06-03,670,121,549
蜀南竹海,2023-06-04,632,82,550
蜀南竹海,2023-06-05,671,158,513
蜀南竹海,2023-06-06,667,157,510
蜀南竹海,2023-06-07,726,179,547
蜀南竹海,2023-06-08,694,173,521
蜀南竹海,2023-06-09,708,169,539
蜀南竹海,2023-06-10,697,87,610
蜀南竹海,2023-06-11,740,101,639
蜀南竹海,2023-06-12,740,190,550
蜀南竹海,2023-06-13,732,165,567
蜀南竹海,2023-06-14,721,165,556
蜀南竹海,2023-06-15,732,194,538
蜀南竹海,2023-06-16,761,152,609
蜀南竹海,2023-06-17,633,104,529
蜀南竹海,2023-06-18,693,123,570
蜀南竹海,2023-06-19,790,190,600
蜀南竹海,2023-06-20,875,209,666
蜀南竹海,2023-06-21,957,213,744
蜀南竹海,2023-06-22,860,101,759
蜀南竹海,2023-06-23,953,108,845
蜀南竹海,2023-06-24,776,112,664
蜀南竹海,2023-06-25,746,168,578
蜀南竹海,2023-06-26,696,170,526
蜀南竹海,2023-06-27,691,155,536
蜀南竹海,2023-06-28,703,161,542
蜀南竹海,2023-06-29,780,175,605
蜀南竹海,2023-06-30,754,161,593
蜀南竹海,2023-07-01,649,82,567
蜀南竹海,2023-07-02,654,91,563
蜀南竹海,2023-07-03,741,162,579
蜀南竹海,2023-07-04,728,170,558
蜀南竹海,2023-07-05,730,142,588
蜀南竹海,2023-07-06,831,165,666
蜀南竹海,2023-07-07,873,179,694
蜀南竹海,2023-07-08,886,106,780
蜀南竹海,2023-07-09,785,93,692
蜀南竹海,2023-07-10,959,202,757
蜀南竹海,2023-07-11,927,184,743
蜀南竹海,2023-07-12,925,177,748
蜀南竹海,2023-07-13,867,186,681
蜀南竹海,2023-07-14,919,176,743
蜀南竹海,2023-07-15,816,112,704
蜀南竹海,2023-07-16,847,104,743
蜀南竹海,2023-07-17,900,176,724
蜀南竹海,2023-07-18,899,182,717
蜀南竹海,2023-07-19,841,182,659
蜀南竹海,2023-07-20,878,177,701
蜀南竹海,2023-07-21,1015,172,843
蜀南竹海,2023-07-22,955,106,849
蜀南竹海,2023-07-23,897,106,791
蜀南竹海,2023-07-24,970,173,797
蜀南竹海,2023-07-25,1014,173,841
蜀南竹海,2023-07-26,938,190,748
蜀南竹海,2023-07-27,1038,198,840
蜀南竹海,2023-07-28,1031,182,849
蜀南竹海,2023-07-29,1003,120,883
蜀南竹海,2023-07-30,974,108,866
蜀南竹海,2023-07-31,1049,186,863
蜀南竹海,2023-08-01,1004,155,849
蜀南竹海,2023-08-02,1040,180,860
蜀南竹海,2023-08-03,1058,191,867
蜀南竹海,2023-08-04,1058,183,875
蜀南竹海,2023-08-05,995,120,875
蜀南竹海,2023-08-06,979,116,863
蜀南竹海,2023-08-07,1079,211,868
蜀南竹海,2023-08-08,1087,211,876
蜀南竹海,2023-08-09,1032,188,844
蜀南竹海,2023-08-10,1083,211,872
蜀南竹海,2023-08-11,1047,179,868
蜀南竹海,2023-08-12,972,110,862
蜀南竹海,2023-08-13,963,93,870
蜀南竹海,2023-08-14,1039,184,855
蜀南竹海,2023-08-15,1014,166,848
蜀南竹海,2023-08-16,991,150,841
蜀南竹海,2023-08-17,1003,162,841
蜀南竹海,2023-08-18,1008,166,842
蜀南竹海,2023-08-19,886,95,791
蜀南竹海,2023-08-20,789,72,717
蜀南竹海,2023-08-21,869,179,690
蜀南竹海,2023-08-22,801,176,625
蜀南竹海,2023-08-23,813,175,638
蜀南竹海,2023-08-24,694,163,531
蜀南竹海,2023-08-25,700,146,554
蜀南竹海,2023-08-26,596,95,501
蜀南竹海,2023-08-27,568,99,469
蜀南竹海,2023-08-28,634,144,490
蜀南竹海,2023-08-29,656,155,501
蜀南竹海,2023-08-30,667,152,515
蜀南竹海,2023-08-31,531,133,398
蜀南竹海,2023-09-01,592,135,457
蜀南竹海,2023-09-02,560,89,471
蜀南竹海,2023-09-03,556,101,455
蜀南竹海,2023-09-04,598,155,443
蜀南竹海,2023-09-05,601,139,462
蜀南竹海,2023-09-06,619,151,468
蜀南竹海,2023-09-07,633,165,468
蜀南竹海,2023-09-08,626,150,476
蜀南竹海,2023-09-09,624,99,525
蜀南竹海,2023-09-10,626,93,533
蜀南竹海,2023-09-11,576,157,419
蜀南竹海,2023-09-12,674,176,498
蜀南竹海,2023-09-13,697,150,547
蜀南竹海,2023-09-14,673,172,501
蜀南竹海,2023-09-15,640,139,501
蜀南竹海,2023-09-16,678,108,570
蜀南竹海,2023-09-17,691,95,596
蜀南竹海,2023-09-18,721,163,558
蜀南竹海,2023-09-19,672,180,492
蜀南竹海,2023-09-20,680,173,507
蜀南竹海,2023-09-21,716,176,540
蜀南竹海,2023-09-22,677,144,533
蜀南竹海,2023-09-23,580,108,472
蜀南竹海,2023-09-24,666,99,567
蜀南竹海,2023-09-25,721,190,531
蜀南竹海,2023-09-26,790,200,590
蜀南竹海,2023-09-27,841,186,655
蜀南竹海,2023-09-28,975,175,800
蜀南竹海,2023-09-29,1028,121,907
蜀南竹海,2023-09-30,1071,99,972
蜀南竹海,2023-10-01,1097,101,996
蜀南竹海,2023-10-02,1098,110,988
蜀南竹海,2023-10-03,1056,97,959
蜀南竹海,2023-10-04,1030,133,897
蜀南竹海,2023-10-05,913,112,801
蜀南竹海,2023-10-06,815,106,709
蜀南竹海,2023-10-07,593,139,454
蜀南竹海,2023-10-08,528,144,384
蜀南竹海,2023-10-09,555,129,426
蜀南竹海,2023-10-10,521,116,405
蜀南竹海,2023-10-11,525,121,404
蜀南竹海,2023-10-12,503,112,391
蜀南竹海,2023-10-13,509,101,408
蜀南竹海,2023-10-14,510,95,415
蜀南竹海,2023-10-15,537,87,450
蜀南竹海,2023-10-16,519,114,405
蜀南竹海,2023-10-17,552,175,377
蜀南竹海,2023-10-18,462,129,333
蜀南竹海,2023-10-19,515,131,384
蜀南竹海,2023-10-20,437,127,310
蜀南竹海,2023-10-21,488,93,395
蜀南竹海,2023-10-22,452,93,359
蜀南竹海,2023-10-23,437,121,316
蜀南竹海,2023-10-24,458,150,308
蜀南竹海,2023-10-25,387,118,269
蜀南竹海,2023-10-26,430,121,309
蜀南竹海,2023-10-27,454,121,333
蜀南竹海,2023-10-28,441,89,352
蜀南竹海,2023-10-29,421,83,338
蜀南竹海,2023-10-30,449,108,341
蜀南竹海,2023-10-31,408,106,302
蜀南竹海,2023-11-01,459,114,345
蜀南竹海,2023-11-02,344,99,245
蜀南竹海,2023-11-03,481,121,360
蜀南竹海,2023-11-04,445,87,358
蜀南竹海,2023-11-05,409,85,324
蜀南竹海,2023-11-06,451,121,330
蜀南竹海,2023-11-07,394,112,282
蜀南竹海,2023-11-08,462,129,333
蜀南竹海,2023-11-09,468,116,352
蜀南竹海,2023-11-10,433,110,323
蜀南竹海,2023-11-11,353,78,275
蜀南竹海,2023-11-12,346,72,274
蜀南竹海,2023-11-13,365,101,264
蜀南竹海,2023-11-14,370,95,275
蜀南竹海,2023-11-15,375,104,271
蜀南竹海,2023-11-16,404,127,277
蜀南竹海,2023-11-17,378,112,266
蜀南竹海,2023-11-18,346,87,259
蜀南竹海,2023-11-19,405,91,314
蜀南竹海,2023-11-20,391,106,285
蜀南竹海,2023-11-21,419,114,305
蜀南竹海,2023-11-22,389,116,273
蜀南竹海,2023-11-23,441,114,327
蜀南竹海,2023-11-24,419,93,326
蜀南竹海,2023-11-25,374,68,306
蜀南竹海,2023-11-26,444,99,345
蜀南竹海,2023-11-27,385,93,292
蜀南竹海,2023-11-28,399,114,285
蜀南竹海,2023-11-29,412,127,285
蜀南竹海,2023-11-30,362,116,246
蜀南竹海,2023-12-01,378,93,285
蜀南竹海,2023-12-02,330,101,229
蜀南竹海,2023-12-03,413,80,333
蜀南竹海,2023-12-04,365,116,249
蜀南竹海,2023-12-05,366,95,271
蜀南竹海,2023-12-06,449,165,284
蜀南竹海,2023-12-07,346,97,249
蜀南竹海,2023-12-08,309,87,222
蜀南竹海,2023-12-09,341,95,246
蜀南竹海,2023-12-10,339,76,263
蜀南竹海,2023-12-11,369,106,263
蜀南竹海,2023-12-12,373,137,236
蜀南竹海,2023-12-13,413,106,307
蜀南竹海,2023-12-14,425,133,292
蜀南竹海,2023-12-15,321,102,219
蜀南竹海,2023-12-16,304,76,228
蜀南竹海,2023-12-17,287,70,217
蜀南竹海,2023-12-18,326,106,220
蜀南竹海,2023-12-19,367,133,234
蜀南竹海,2023-12-20,303,89,214
蜀南竹海,2023-12-21,350,112,238
蜀南竹海,2023-12-22,349,99,250
蜀南竹海,2023-12-23,300,83,217
蜀南竹海,2023-12-24,293,66,227
蜀南竹海,2023-12-25,318,112,206
蜀南竹海,2023-12-26,427,133,294
蜀南竹海,2023-12-27,400,129,271
蜀南竹海,2023-12-28,375,120,255
蜀南竹海,2023-12-29,365,95,270
蜀南竹海,2023-12-30,391,72,319
蜀南竹海,2023-12-31,353,72,281
蜀南竹海,2024-01-01,315,80,235
蜀南竹海,2024-01-02,331,102,229
蜀南竹海,2024-01-03,320,118,202
蜀南竹海,2024-01-04,340,95,245
蜀南竹海,2024-01-05,373,89,284
蜀南竹海,2024-01-06,305,74,231
蜀南竹海,2024-01-07,311,83,228
蜀南竹海,2024-01-08,344,106,238
蜀南竹海,2024-01-09,331,116,215
蜀南竹海,2024-01-10,329,102,227
蜀南竹海,2024-01-11,324,104,220
蜀南竹海,2024-01-12,397,112,285
蜀南竹海,2024-01-13,304,80,224
蜀南竹海,2024-01-14,321,72,249
蜀南竹海,2024-01-15,346,108,238
蜀南竹海,2024-01-16,351,106,245
蜀南竹海,2024-01-17,340,104,236
蜀南竹海,2024-01-18,337,91,246
蜀南竹海,2024-01-19,392,108,284
蜀南竹海,2024-01-20,375,101,274
蜀南竹海,2024-01-21,336,72,264
蜀南竹海,2024-01-22,496,120,376
蜀南竹海,2024-01-23,463,121,342
蜀南竹海,2024-01-24,381,112,269
蜀南竹海,2024-01-25,372,110,262
蜀南竹海,2024-01-26,387,110,277
蜀南竹海,2024-01-27,336,76,260
蜀南竹海,2024-01-28,365,80,285
蜀南竹海,2024-01-29,409,135,274
蜀南竹海,2024-01-30,353,108,245
蜀南竹海,2024-01-31,405,110,295
蜀南竹海,2024-02-01,376,101,275
蜀南竹海,2024-02-02,412,102,310
蜀南竹海,2024-02-03,352,72,280
蜀南竹海,2024-02-04,396,82,314
蜀南竹海,2024-02-05,411,116,295
蜀南竹海,2024-02-06,384,93,291
蜀南竹海,2024-02-07,406,82,324
蜀南竹海,2024-02-08,402,95,307
蜀南竹海,2024-02-09,420,68,352
蜀南竹海,2024-02-10,771,74,697
蜀南竹海,2024-02-11,942,87,855
蜀南竹海,2024-02-12,959,76,883
蜀南竹海,2024-02-13,932,64,868
蜀南竹海,2024-02-14,929,72,857
蜀南竹海,2024-02-15,833,74,759
蜀南竹海,2024-02-16,769,82,687
蜀南竹海,2024-02-17,621,68,553
蜀南竹海,2024-02-18,565,104,461
蜀南竹海,2024-02-19,580,135,445
蜀南竹海,2024-02-20,529,123,406
蜀南竹海,2024-02-21,500,131,369
蜀南竹海,2024-02-22,396,116,280
蜀南竹海,2024-02-23,433,110,323
蜀南竹海,2024-02-24,364,68,296
蜀南竹海,2024-02-25,376,89,287
蜀南竹海,2024-02-26,397,116,281
蜀南竹海,2024-02-27,392,110,282
蜀南竹海,2024-02-28,408,137,271
蜀南竹海,2024-02-29,398,114,284
蜀南竹海,2024-03-01,360,101,259
蜀南竹海,2024-03-02,355,74,281
蜀南竹海,2024-03-03,358,83,275
蜀南竹海,2024-03-04,393,102,291
蜀南竹海,2024-03-05,415,108,307
蜀南竹海,2024-03-06,457,120,337
蜀南竹海,2024-03-07,462,108,354
蜀南竹海,2024-03-08,430,99,331
蜀南竹海,2024-03-09,388,89,299
蜀南竹海,2024-03-10,396,91,305
蜀南竹海,2024-03-11,443,120,323
蜀南竹海,2024-03-12,445,139,306
蜀南竹海,2024-03-13,446,120,326
蜀南竹海,2024-03-14,414,120,294
蜀南竹海,2024-03-15,423,131,292
蜀南竹海,2024-03-16,390,89,301
蜀南竹海,2024-03-17,405,78,327
蜀南竹海,2024-03-18,499,173,326
蜀南竹海,2024-03-19,481,129,352
蜀南竹海,2024-03-20,537,161,376
蜀南竹海,2024-03-21,557,157,400
蜀南竹海,2024-03-22,450,131,319
蜀南竹海,2024-03-23,417,82,335
蜀南竹海,2024-03-24,507,85,422
蜀南竹海,2024-03-25,539,190,349
蜀南竹海,2024-03-26,541,157,384
蜀南竹海,2024-03-27,525,142,383
蜀南竹海,2024-03-28,624,188,436
蜀南竹海,2024-03-29,610,165,445
蜀南竹海,2024-03-30,550,91,459
蜀南竹海,2024-03-31,510,110,400
蜀南竹海,2024-04-01,656,170,486
蜀南竹海,2024-04-02,671,191,480
蜀南竹海,2024-04-03,823,202,621
蜀南竹海,2024-04-04,801,82,719
蜀南竹海,2024-04-05,860,95,765
蜀南竹海,2024-04-06,555,82,473
蜀南竹海,2024-04-07,632,150,482
蜀南竹海,2024-04-08,605,158,447
蜀南竹海,2024-04-09,592,139,453
蜀南竹海,2024-04-10,671,154,517
蜀南竹海,2024-04-11,556,129,427
蜀南竹海,2024-04-12,610,127,483
蜀南竹海,2024-04-13,576,89,487
蜀南竹海,2024-04-14,551,99,452
蜀南竹海,2024-04-15,642,139,503
蜀南竹海,2024-04-16,648,161,487
蜀南竹海,2024-04-17,687,197,490
蜀南竹海,2024-04-18,717,168,549
蜀南竹海,2024-04-19,679,154,525
蜀南竹海,2024-04-20,573,102,471
蜀南竹海,2024-04-21,667,85,582
蜀南竹海,2024-04-22,656,187,469
蜀南竹海,2024-04-23,709,195,514
蜀南竹海,2024-04-24,637,169,468
蜀南竹海,2024-04-25,732,187,545
蜀南竹海,2024-04-26,662,175,487
蜀南竹海,2024-04-27,709,99,610
蜀南竹海,2024-04-28,960,273,687
蜀南竹海,2024-04-29,786,212,574
蜀南竹海,2024-04-30,1142,268,874
蜀南竹海,2024-05-01,1069,116,953
蜀南竹海,2024-05-02,1098,116,982
蜀南竹海,2024-05-03,1015,104,911
蜀南竹海,2024-05-04,935,112,823
蜀南竹海,2024-05-05,649,102,547
蜀南竹海,2024-05-06,673,172,501
蜀南竹海,2024-05-07,614,146,468
蜀南竹海,2024-05-08,484,140,344
蜀南竹海,2024-05-09,496,120,376
蜀南竹海,2024-05-10,544,151,393
蜀南竹海,2024-05-11,529,127,402
蜀南竹海,2024-05-12,449,108,341
蜀南竹海,2024-05-13,515,135,380
蜀南竹海,2024-05-14,532,158,374
蜀南竹海,2024-05-15,558,131,427
蜀南竹海,2024-05-16,540,129,411
蜀南竹海,2024-05-17,510,133,377
蜀南竹海,2024-05-18,577,83,494
蜀南竹海,2024-05-19,462,99,363
蜀南竹海,2024-05-20,518,176,342
蜀南竹海,2024-05-21,552,183,369
蜀南竹海,2024-05-22,562,154,408
蜀南竹海,2024-05-23,539,142,397
蜀南竹海,2024-05-24,483,110,373
蜀南竹海,2024-05-25,437,82,355
蜀南竹海,2024-05-26,496,87,409
蜀南竹海,2024-05-27,501,148,353
蜀南竹海,2024-05-28,529,198,331
蜀南竹海,2024-05-29,489,170,319
蜀南竹海,2024-05-30,521,137,384
蜀南竹海,2024-05-31,498,135,363
蜀南竹海,2024-06-01,422,91,331
蜀南竹海,2024-06-02,410,87,323
蜀南竹海,2024-06-03,525,165,360
蜀南竹海,2024-06-04,541,161,380
蜀南竹海,2024-06-05,537,190,347
蜀南竹海,2024-06-06,552,154,398
蜀南竹海,2024-06-07,607,139,468
蜀南竹海,2024-06-08,605,93,512
蜀南竹海,2024-06-09,597,85,512
蜀南竹海,2024-06-10,541,97,444
蜀南竹海,2024-06-11,542,144,398
蜀南竹海,2024-06-12,494,131,363
蜀南竹海,2024-06-13,429,116,313
蜀南竹海,2024-06-14,457,116,341
蜀南竹海,2024-06-15,440,91,349
蜀南竹海,2024-06-16,407,74,333
蜀南竹海,2024-06-17,483,152,331
蜀南竹海,2024-06-18,516,163,353
蜀南竹海,2024-06-19,492,133,359
蜀南竹海,2024-06-20,535,155,380
蜀南竹海,2024-06-21,518,166,352
蜀南竹海,2024-06-22,484,78,406
蜀南竹海,2024-06-23,481,76,405
蜀南竹海,2024-06-24,494,140,354
蜀南竹海,2024-06-25,411,127,284
蜀南竹海,2024-06-26,483,137,346
蜀南竹海,2024-06-27,512,133,379
蜀南竹海,2024-06-28,479,127,352
蜀南竹海,2024-06-29,487,99,388
蜀南竹海,2024-06-30,570,80,490
蜀南竹海,2024-07-01,621,139,482
蜀南竹海,2024-07-02,583,142,441
蜀南竹海,2024-07-03,610,155,455
蜀南竹海,2024-07-04,588,144,444
蜀南竹海,2024-07-05,670,152,518
蜀南竹海,2024-07-06,602,91,511
蜀南竹海,2024-07-07,501,89,412
蜀南竹海,2024-07-08,530,118,412
蜀南竹海,2024-07-09,557,155,402
蜀南竹海,2024-07-10,549,133,416
蜀南竹海,2024-07-11,641,165,476
蜀南竹海,2024-07-12,603,127,476
蜀南竹海,2024-07-13,578,89,489
蜀南竹海,2024-07-14,518,89,429
蜀南竹海,2024-07-15,656,135,521
蜀南竹海,2024-07-16,601,155,446
蜀南竹海,2024-07-17,619,144,475
蜀南竹海,2024-07-18,633,112,521
蜀南竹海,2024-07-19,709,139,570
蜀南竹海,2024-07-20,616,95,521
蜀南竹海,2024-07-21,922,78,844
蜀南竹海,2024-07-22,748,151,597
蜀南竹海,2024-07-23,705,151,554
蜀南竹海,2024-07-24,686,127,559
蜀南竹海,2024-07-25,662,133,529
蜀南竹海,2024-07-26,764,127,637
蜀南竹海,2024-07-27,818,91,727
蜀南竹海,2024-07-28,683,85,598
蜀南竹海,2024-07-29,825,173,652
蜀南竹海,2024-07-30,770,146,624
蜀南竹海,2024-07-31,834,163,671
蜀南竹海,2024-08-01,825,133,692
蜀南竹海,2024-08-02,860,161,699
蜀南竹海,2024-08-03,886,116,770
蜀南竹海,2024-08-04,747,80,667
蜀南竹海,2024-08-05,897,168,729
蜀南竹海,2024-08-06,860,162,698
蜀南竹海,2024-08-07,952,169,783
蜀南竹海,2024-08-08,851,161,690
蜀南竹海,2024-08-09,888,176,712
蜀南竹海,2024-08-10,740,91,649
蜀南竹海,2024-08-11,696,76,620
蜀南竹海,2024-08-12,790,144,646
蜀南竹海,2024-08-13,792,148,644
蜀南竹海,2024-08-14,743,161,582
蜀南竹海,2024-08-15,769,162,607
蜀南竹海,2024-08-16,740,155,585
蜀南竹海,2024-08-17,714,112,602
蜀南竹海,2024-08-18,641,89,552
蜀南竹海,2024-08-19,684,155,529
蜀南竹海,2024-08-20,583,144,439
蜀南竹海,2024-08-21,643,137,506
蜀南竹海,2024-08-22,590,151,439
蜀南竹海,2024-08-23,638,142,496
蜀南竹海,2024-08-24,552,101,451
蜀南竹海,2024-08-25,520,80,440
蜀南竹海,2024-08-26,550,150,400
蜀南竹海,2024-08-27,517,133,384
蜀南竹海,2024-08-28,500,142,358
蜀南竹海,2024-08-29,554,129,425
蜀南竹海,2024-08-30,514,123,391
蜀南竹海,2024-08-31,461,91,370
蜀南竹海,2024-09-01,408,78,330
蜀南竹海,2024-09-02,447,140,307
蜀南竹海,2024-09-03,417,110,307
蜀南竹海,2024-09-04,432,104,328
蜀南竹海,2024-09-05,450,99,351
蜀南竹海,2024-09-06,440,95,345
蜀南竹海,2024-09-07,467,76,391
蜀南竹海,2024-09-08,400,74,326
蜀南竹海,2024-09-09,444,131,313
蜀南竹海,2024-09-10,462,127,335
蜀南竹海,2024-09-11,442,129,313
蜀南竹海,2024-09-12,494,154,340
蜀南竹海,2024-09-13,461,121,340
蜀南竹海,2024-09-14,552,146,406
蜀南竹海,2024-09-15,552,87,465
蜀南竹海,2024-09-16,602,83,519
蜀南竹海,2024-09-17,526,74,452
蜀南竹海,2024-09-18,549,161,388
蜀南竹海,2024-09-19,540,161,379
蜀南竹海,2024-09-20,515,150,365
蜀南竹海,2024-09-21,512,89,423
蜀南竹海,2024-09-22,575,82,493
蜀南竹海,2024-09-23,587,169,418
蜀南竹海,2024-09-24,636,175,461
蜀南竹海,2024-09-25,636,184,452
蜀南竹海,2024-09-26,594,157,437
蜀南竹海,2024-09-27,612,144,468
蜀南竹海,2024-09-28,670,125,545
蜀南竹海,2024-09-29,776,202,574
蜀南竹海,2024-09-30,857,169,688
蜀南竹海,2024-10-01,946,83,863
蜀南竹海,2024-10-02,1026,102,924
蜀南竹海,2024-10-03,1047,118,929
蜀南竹海,2024-10-04,977,87,890
蜀南竹海,2024-10-05,930,89,841
蜀南竹海,2024-10-06,658,93,565
蜀南竹海,2024-10-07,565,112,453
蜀南竹海,2024-10-08,451,142,309
蜀南竹海,2024-10-09,439,116,323
蜀南竹海,2024-10-10,450,135,315
蜀南竹海,2024-10-11,411,104,307
蜀南竹海,2024-10-12,407,116,291
蜀南竹海,2024-10-13,391,76,315
蜀南竹海,2024-10-14,473,142,331
蜀南竹海,2024-10-15,440,106,334
蜀南竹海,2024-10-16,454,114,340
蜀南竹海,2024-10-17,461,112,349
蜀南竹海,2024-10-18,456,118,338
蜀南竹海,2024-10-19,412,70,342
蜀南竹海,2024-10-20,388,74,314
蜀南竹海,2024-10-21,412,120,292
蜀南竹海,2024-10-22,437,110,327
蜀南竹海,2024-10-23,430,118,312
蜀南竹海,2024-10-24,446,123,323
蜀南竹海,2024-10-25,423,97,326
蜀南竹海,2024-10-26,404,70,334
蜀南竹海,2024-10-27,460,76,384
蜀南竹海,2024-10-28,454,131,323
蜀南竹海,2024-10-29,406,101,305
蜀南竹海,2024-10-30,409,110,299
蜀南竹海,2024-10-31,394,85,309
蜀南竹海,2024-11-01,404,91,313
蜀南竹海,2024-11-02,420,74,346
蜀南竹海,2024-11-03,417,70,347
蜀南竹海,2024-11-04,404,137,267
蜀南竹海,2024-11-05,366,91,275
蜀南竹海,2024-11-06,389,87,302
蜀南竹海,2024-11-07,401,93,308
蜀南竹海,2024-11-08,376,95,281
蜀南竹海,2024-11-09,406,91,315
蜀南竹海,2024-11-10,391,68,323
蜀南竹海,2024-11-11,389,97,292
蜀南竹海,2024-11-12,379,97,282
蜀南竹海,2024-11-13,392,121,271
蜀南竹海,2024-11-14,395,106,289
蜀南竹海,2024-11-15,362,93,269
蜀南竹海,2024-11-16,413,112,301
蜀南竹海,2024-11-17,314,68,246
蜀南竹海,2024-11-18,391,146,245
蜀南竹海,2024-11-19,383,99,284
蜀南竹海,2024-11-20,405,127,278
蜀南竹海,2024-11-21,354,101,253
蜀南竹海,2024-11-22,369,91,278
蜀南竹海,2024-11-23,368,80,288
蜀南竹海,2024-11-24,318,80,238
蜀南竹海,2024-11-25,381,97,284
蜀南竹海,2024-11-26,371,101,270
蜀南竹海,2024-11-27,377,93,284
蜀南竹海,2024-11-28,432,118,314
蜀南竹海,2024-11-29,335,89,246
蜀南竹海,2024-11-30,319,83,236
蜀南竹海,2024-12-01,324,70,254
蜀南竹海,2024-12-02,350,91,259
蜀南竹海,2024-12-03,339,93,246
蜀南竹海,2024-12-04,357,97,260
蜀南竹海,2024-12-05,320,85,235
蜀南竹海,2024-12-06,295,91,204
蜀南竹海,2024-12-07,299,74,225
蜀南竹海,2024-12-08,295,64,231
蜀南竹海,2024-12-09,328,108,220
蜀南竹海,2024-12-10,320,108,212
蜀南竹海,2024-12-11,290,85,205
蜀南竹海,2024-12-12,347,139,208
蜀南竹海,2024-12-13,292,83,209
蜀南竹海,2024-12-14,300,78,222
蜀南竹海,2024-12-15,292,74,218
蜀南竹海,2024-12-16,299,99,200
蜀南竹海,2024-12-17,344,146,198
蜀南竹海,2024-12-18,349,118,231
蜀南竹海,2024-12-19,303,120,183
蜀南竹海,2024-12-20,294,114,180
蜀南竹海,2024-12-21,297,78,219
蜀南竹海,2024-12-22,279,70,209
蜀南竹海,2024-12-23,302,93,209
蜀南竹海,2024-12-24,286,108,178
蜀南竹海,2024-12-25,385,154,231
蜀南竹海,2024-12-26,357,137,220
蜀南竹海,2024-12-27,287,83,204
蜀南竹海,2024-12-28,292,80,212
蜀南竹海,2024-12-29,272,83,189
蜀南竹海,2024-12-30,284,97,187
蜀南竹海,2024-12-31,335,127,208
蜀南竹海,2025-01-01,287,72,215
蜀南竹海,2025-01-02,308,110,198
蜀南竹海,2025-01-03,282,85,197
蜀南竹海,2025-01-04,274,82,192
蜀南竹海,2025-01-05,277,72,205
蜀南竹海,2025-01-06,291,99,192
蜀南竹海,2025-01-07,254,78,176
蜀南竹海,2025-01-08,274,93,181
蜀南竹海,2025-01-09,261,83,178
蜀南竹海,2025-01-10,272,83,189
蜀南竹海,2025-01-11,262,63,199
蜀南竹海,2025-01-12,265,78,187
蜀南竹海,2025-01-13,278,104,174
蜀南竹海,2025-01-14,283,78,205
蜀南竹海,2025-01-15,291,83,208
蜀南竹海,2025-01-16,295,106,189
蜀南竹海,2025-01-17,267,78,189
蜀南竹海,2025-01-18,292,74,218
蜀南竹海,2025-01-19,304,80,224
蜀南竹海,2025-01-20,311,80,231
蜀南竹海,2025-01-21,287,97,190
蜀南竹海,2025-01-22,328,93,235
蜀南竹海,2025-01-23,308,89,219
蜀南竹海,2025-01-24,333,106,227
蜀南竹海,2025-01-25,311,68,243
蜀南竹海,2025-01-26,327,82,245
蜀南竹海,2025-01-27,279,64,215
蜀南竹海,2025-01-28,304,61,243
蜀南竹海,2025-01-29,500,64,436
蜀南竹海,2025-01-30,675,66,609
蜀南竹海,2025-01-31,671,66,605
蜀南竹海,2025-02-01,627,70,557
蜀南竹海,2025-02-02,543,64,479
蜀南竹海,2025-02-03,454,63,391
蜀南竹海,2025-02-04,429,70,359
蜀南竹海,2025-02-05,352,70,282
蜀南竹海,2025-02-06,377,108,269
蜀南竹海,2025-02-07,358,87,271
蜀南竹海,2025-02-08,456,97,359
蜀南竹海,2025-02-09,382,68,314
蜀南竹海,2025-02-10,415,121,294
蜀南竹海,2025-02-11,371,108,263
蜀南竹海,2025-02-12,322,95,227
蜀南竹海,2025-02-13,309,85,224
蜀南竹海,2025-02-14,328,85,243
蜀南竹海,2025-02-15,321,72,249
蜀南竹海,2025-02-16,307,68,239
蜀南竹海,2025-02-17,325,97,228
蜀南竹海,2025-02-18,306,82,224
蜀南竹海,2025-02-19,307,99,208
蜀南竹海,2025-02-20,308,102,206
蜀南竹海,2025-02-21,311,110,201
蜀南竹海,2025-02-22,295,64,231
蜀南竹海,2025-02-23,312,76,236
蜀南竹海,2025-02-24,368,144,224
蜀南竹海,2025-02-25,363,116,247
蜀南竹海,2025-02-26,357,110,247
蜀南竹海,2025-02-27,384,139,245
蜀南竹海,2025-02-28,383,102,281
蜀南竹海,2025-03-01,359,78,281
蜀南竹海,2025-03-02,341,82,259
蜀南竹海,2025-03-03,388,121,267
蜀南竹海,2025-03-04,379,118,261
蜀南竹海,2025-03-05,356,87,269
蜀南竹海,2025-03-06,364,104,260
蜀南竹海,2025-03-07,403,112,291
蜀南竹海,2025-03-08,363,78,285
蜀南竹海,2025-03-09,348,66,282
蜀南竹海,2025-03-10,336,108,228
蜀南竹海,2025-03-11,324,85,239
蜀南竹海,2025-03-12,343,108,235
蜀南竹海,2025-03-13,351,99,252
蜀南竹海,2025-03-14,358,120,238
蜀南竹海,2025-03-15,313,66,247
蜀南竹海,2025-03-16,324,61,263
蜀南竹海,2025-03-17,343,108,235
蜀南竹海,2025-03-18,369,120,249
蜀南竹海,2025-03-19,406,139,267
蜀南竹海,2025-03-20,417,121,296
蜀南竹海,2025-03-21,372,101,271
蜀南竹海,2025-03-22,444,78,366
蜀南竹海,2025-03-23,418,85,333
蜀南竹海,2025-03-24,429,133,296
蜀南竹海,2025-03-25,439,120,319
蜀南竹海,2025-03-26,473,140,333
蜀南竹海,2025-03-27,459,118,341
蜀南竹海,2025-03-28,64708,64416,292
蜀南竹海,2025-03-29,390,101,289
蜀南竹海,2025-03-30,416,70,346
蜀南竹海,2025-03-31,393,112,281
蜀南竹海,2025-04-01,506,158,348
蜀南竹海,2025-04-02,531,150,381
蜀南竹海,2025-04-03,663,142,521
蜀南竹海,2025-04-04,702,82,620
蜀南竹海,2025-04-05,648,76,572
蜀南竹海,2025-04-06,502,76,426
蜀南竹海,2025-04-07,526,125,401
蜀南竹海,2025-04-08,471,108,363
蜀南竹海,2025-04-09,454,106,348
蜀南竹海,2025-04-10,462,104,358
蜀南竹海,2025-04-11,490,99,391
蜀南竹海,2025-04-12,455,78,377
蜀南竹海,2025-04-13,465,95,370
蜀南竹海,2025-04-14,552,133,419
蜀南竹海,2025-04-15,525,137,388
蜀南竹海,2025-04-16,564,155,409
蜀南竹海,2025-04-17,579,157,422
蜀南竹海,2025-04-18,539,120,419
蜀南竹海,2025-04-19,515,76,439
蜀南竹海,2025-04-20,543,95,448
蜀南竹海,2025-04-21,568,162,406
蜀南竹海,2025-04-22,583,154,429
蜀南竹海,2025-04-23,559,151,408
蜀南竹海,2025-04-24,610,169,441
蜀南竹海,2025-04-25,696,163,533
蜀南竹海,2025-04-26,652,114,538
蜀南竹海,2025-04-27,706,170,536
蜀南竹海,2025-04-28,730,170,560
蜀南竹海,2025-04-29,714,179,535
蜀南竹海,2025-04-30,965,208,757
蜀南竹海,2025-05-01,1004,99,905
蜀南竹海,2025-05-02,1032,93,939
蜀南竹海,2025-05-03,974,95,879
蜀南竹海,2025-05-04,714,76,638
蜀南竹海,2025-05-05,580,93,487
蜀南竹海,2025-05-06,559,176,383
蜀南竹海,2025-05-07,509,108,401
蜀南竹海,2025-05-08,501,142,359
蜀南竹海,2025-05-09,465,120,345
蜀南竹海,2025-05-10,368,68,300
蜀南竹海,2025-05-11,372,80,292
蜀南竹海,2025-05-12,361,87,274
蜀南竹海,2025-05-13,474,121,353
蜀南竹海,2025-05-14,376,95,281
蜀南竹海,2025-05-15,419,106,313
蜀南竹海,2025-05-16,417,114,303
蜀南竹海,2025-05-17,391,78,313
蜀南竹海,2025-05-18,363,78,285
蜀南竹海,2025-05-19,413,129,284
蜀南竹海,2025-05-20,406,137,269
蜀南竹海,2025-05-21,413,133,280
蜀南竹海,2025-05-22,390,129,261
蜀南竹海,2025-05-23,430,125,305
蜀南竹海,2025-05-24,429,80,349
蜀南竹海,2025-05-25,380,95,285
蜀南竹海,2025-05-26,393,139,254
蜀南竹海,2025-05-27,380,123,257
蜀南竹海,2025-05-28,387,123,264
蜀南竹海,2025-05-29,400,139,261
蜀南竹海,2025-05-30,424,135,289
蜀南竹海,2025-05-31,428,70,358
蜀南竹海,2025-06-01,424,68,356
蜀南竹海,2025-06-02,377,76,301
蜀南竹海,2025-06-03,387,140,247
蜀南竹海,2025-06-04,352,102,250
蜀南竹海,2025-06-05,372,101,271
蜀南竹海,2025-06-06,385,101,284
蜀南竹海,2025-06-07,338,64,274
蜀南竹海,2025-06-08,299,68,231
蜀南竹海,2025-06-09,344,99,245
蜀南竹海,2025-06-10,350,101,249
蜀南竹海,2025-06-11,421,123,298
蜀南竹海,2025-06-12,401,121,280
蜀南竹海,2025-06-13,374,106,268
蜀南竹海,2025-06-14,336,68,268
蜀南竹海,2025-06-15,418,74,344
蜀南竹海,2025-06-16,389,112,277
蜀南竹海,2025-06-17,410,125,285
蜀南竹海,2025-06-18,323,91,232
蜀南竹海,2025-06-19,354,99,255
蜀南竹海,2025-06-20,336,101,235
蜀南竹海,2025-06-21,360,78,282
蜀南竹海,2025-06-22,279,64,215
蜀南竹海,2025-06-23,336,83,253
蜀南竹海,2025-06-24,350,101,249
蜀南竹海,2025-06-25,349,110,239
蜀南竹海,2025-06-26,375,137,238
蜀南竹海,2025-06-27,351,97,254
蜀南竹海,2025-06-28,339,66,273
蜀南竹海,2025-06-29,328,72,256
蜀南竹海,2025-06-30,346,97,249
蜀南竹海,2025-07-01,384,121,263
蜀南竹海,2025-07-02,366,97,269
蜀南竹海,2025-07-03,392,112,280
蜀南竹海,2025-07-04,358,102,256
蜀南竹海,2025-07-05,367,83,284
蜀南竹海,2025-07-06,362,85,277
蜀南竹海,2025-07-07,389,112,277
蜀南竹海,2025-07-08,387,95,292
蜀南竹海,2025-07-09,389,112,277
蜀南竹海,2025-07-10,406,108,298
蜀南竹海,2025-07-11,1089,805,284
蜀南竹海,2025-07-12,427,78,349
蜀南竹海,2025-07-13,343,66,277
蜀南竹海,2025-07-14,408,112,296
蜀南竹海,2025-07-15,412,118,294
蜀南竹海,2025-07-16,438,110,328
蜀南竹海,2025-07-17,410,95,315
蜀南竹海,2025-07-18,400,106,294
蜀南竹海,2025-07-19,432,80,352
蜀南竹海,2025-07-20,352,64,288
蜀南竹海,2025-07-21,392,114,278
蜀南竹海,2025-07-22,412,120,292
蜀南竹海,2025-07-23,490,125,365
蜀南竹海,2025-07-24,445,104,341
蜀南竹海,2025-07-25,480,127,353
蜀南竹海,2025-07-26,467,74,393
蜀南竹海,2025-07-27,410,80,330
蜀南竹海,2025-07-28,477,104,373
蜀南竹海,2025-07-29,466,108,358
蜀南竹海,2025-07-30,418,110,308
蜀南竹海,2025-07-31,480,104,376
蜀南竹海,2025-08-01,527,108,419
蜀南竹海,2025-08-02,478,74,404
蜀南竹海,2025-08-03,496,78,418
蜀南竹海,2025-08-04,516,116,400
蜀南竹海,2025-08-05,533,142,391
蜀南竹海,2025-08-06,497,106,391
蜀南竹海,2025-08-07,538,133,405
蜀南竹海,2025-08-08,593,127,466
蜀南竹海,2025-08-09,480,80,400
蜀南竹海,2025-08-10,439,70,369
蜀南竹海,2025-08-11,493,91,402
蜀南竹海,2025-08-12,489,110,379
蜀南竹海,2025-08-13,498,114,384
蜀南竹海,2025-08-14,491,112,379
蜀南竹海,2025-08-15,485,102,383
蜀南竹海,2025-08-16,448,64,384
蜀南竹海,2025-08-17,401,68,333
蜀南竹海,2025-08-18,458,114,344
蜀南竹海,2025-08-19,409,99,310
蜀南竹海,2025-08-20,408,102,306
蜀南竹海,2025-08-21,424,110,314
蜀南竹海,2025-08-22,429,95,334
蜀南竹海,2025-08-23,400,74,326
蜀南竹海,2025-08-24,338,64,274
蜀南竹海,2025-08-25,389,97,292
蜀南竹海,2025-08-26,360,83,277
蜀南竹海,2025-08-27,331,93,238
蜀南竹海,2025-08-28,323,91,232
蜀南竹海,2025-08-29,346,80,266
蜀南竹海,2025-08-30,309,70,239
蜀南竹海,2025-08-31,254,57,197
蜀南竹海,2025-09-01,309,104,205
蜀南竹海,2025-09-02,288,80,208
蜀南竹海,2025-09-03,266,101,165
蜀南竹海,2025-09-04,269,80,189
蜀南竹海,2025-09-05,310,99,211
蜀南竹海,2025-09-06,293,74,219
蜀南竹海,2025-09-07,315,72,243
蜀南竹海,2025-09-08,324,106,218
蜀南竹海,2025-09-09,371,144,227
蜀南竹海,2025-09-10,329,95,234
蜀南竹海,2025-09-11,362,110,252
蜀南竹海,2025-09-12,324,110,214
蜀南竹海,2025-09-13,361,74,287
蜀南竹海,2025-09-14,320,63,257
蜀南竹海,2025-09-15,327,112,215
蜀南竹海,2025-09-16,355,116,239
蜀南竹海,2025-09-17,340,112,228
蜀南竹海,2025-09-18,406,131,275
蜀南竹海,2025-09-19,330,101,229
蜀南竹海,2025-09-20,347,72,275
蜀南竹海,2025-09-21,352,72,280
蜀南竹海,2025-09-22,387,116,271
蜀南竹海,2025-09-23,366,102,264
蜀南竹海,2025-09-24,364,87,277
蜀南竹海,2025-09-25,390,120,270
蜀南竹海,2025-09-26,345,106,239
蜀南竹海,2025-09-27,349,64,285
蜀南竹海,2025-09-28,407,133,274
蜀南竹海,2025-09-29,514,135,379
蜀南竹海,2025-09-30,603,146,457
蜀南竹海,2025-10-01,707,61,646
蜀南竹海,2025-10-02,874,76,798
蜀南竹海,2025-10-03,886,83,803
蜀南竹海,2025-10-04,831,74,757
蜀南竹海,2025-10-05,684,68,616
蜀南竹海,2025-10-06,562,70,492
蜀南竹海,2025-10-07,441,80,361
蜀南竹海,2025-10-08,389,76,313
蜀南竹海,2025-10-09,366,120,246
蜀南竹海,2025-10-10,350,104,246
蜀南竹海,2025-10-11,312,87,225
蜀南竹海,2025-10-12,301,76,225
蜀南竹海,2025-10-13,301,87,214
蜀南竹海,2025-10-14,312,101,211
蜀南竹海,2025-10-15,380,121,259
蜀南竹海,2025-10-16,319,85,234
蜀南竹海,2025-10-17,354,87,267
蜀南竹海,2025-10-18,316,68,248
蜀南竹海,2025-10-19,300,66,234
蜀南竹海,2025-10-20,282,80,202
蜀南竹海,2025-10-21,329,101,228
蜀南竹海,2025-10-22,315,97,218
蜀南竹海,2025-10-23,311,80,231
蜀南竹海,2025-10-24,302,82,220
蜀南竹海,2025-10-25,300,59,241
蜀南竹海,2025-10-26,265,61,204
蜀南竹海,2025-10-27,316,87,229
蜀南竹海,2025-10-28,319,95,224
蜀南竹海,2025-10-29,287,83,204
蜀南竹海,2025-10-30,308,118,190
蜀南竹海,2025-10-31,277,72,205
蜀南竹海,2025-11-01,267,66,201
蜀南竹海,2025-11-02,281,61,220
蜀南竹海,2025-11-03,294,82,212
蜀南竹海,2025-11-04,368,154,214
蜀南竹海,2025-11-05,290,82,208
蜀南竹海,2025-11-06,277,76,201
蜀南竹海,2025-11-07,289,87,202
蜀南竹海,2025-11-08,280,74,206
蜀南竹海,2025-11-09,282,63,219
蜀南竹海,2025-11-10,333,101,232
蜀南竹海,2025-11-11,373,91,282
蜀南竹海,2025-11-12,366,78,288
蜀南竹海,2025-11-13,413,76,337
蜀南竹海,2025-11-14,345,93,252
蜀南竹海,2025-11-15,343,63,280
蜀南竹海,2025-11-16,294,74,220
蜀南竹海,2025-11-17,286,93,193
蜀南竹海,2025-11-18,263,89,174
蜀南竹海,2025-11-19,268,95,173
蜀南竹海,2025-11-20,309,101,208
蜀南竹海,2025-11-21,267,89,178
蜀南竹海,2025-11-22,256,66,190
蜀南竹海,2025-11-23,256,63,193
蜀南竹海,2025-11-24,329,104,225
蜀南竹海,2025-11-25,268,72,196
蜀南竹海,2025-11-26,259,91,168
蜀南竹海,2025-11-27,267,91,176
蜀南竹海,2025-11-28,244,70,174
蜀南竹海,2025-11-29,247,64,183
蜀南竹海,2025-11-30,251,80,171
蜀南竹海,2025-12-01,256,83,173
蜀南竹海,2025-12-02,257,83,174
蜀南竹海,2025-12-03,284,82,202
蜀南竹海,2025-12-04,251,78,173
蜀南竹海,2025-12-05,244,82,162
蜀南竹海,2025-12-06,253,63,190
蜀南竹海,2025-12-07,230,59,171
蜀南竹海,2025-12-08,250,74,176
蜀南竹海,2025-12-09,250,83,167
蜀南竹海,2025-12-10,252,76,176
蜀南竹海,2025-12-11,248,74,174
蜀南竹海,2025-12-12,222,64,158
蜀南竹海,2025-12-13,218,64,154
蜀南竹海,2025-12-14,226,64,162
蜀南竹海,2025-12-15,227,76,151
蜀南竹海,2025-12-16,234,82,152
蜀南竹海,2025-12-17,245,74,171
蜀南竹海,2025-12-18,226,85,141
蜀南竹海,2025-12-19,232,78,154
蜀南竹海,2025-12-20,188,57,131
蜀南竹海,2025-12-21,203,59,144
蜀南竹海,2025-12-22,210,80,130
蜀南竹海,2025-12-23,216,80,136
蜀南竹海,2025-12-24,205,74,131
蜀南竹海,2025-12-25,213,66,147
蜀南竹海,2025-12-26,196,70,126
蜀南竹海,2025-12-27,202,68,134
蜀南竹海,2025-12-28,230,57,173
蜀南竹海,2025-12-29,225,82,143
蜀南竹海,2025-12-30,256,108,148
蜀南竹海,2025-12-31,227,76,151
蜀南竹海,2026-01-01,227,63,164
蜀南竹海,2026-01-02,212,61,151
蜀南竹海,2026-01-03,182,59,123
蜀南竹海,2026-01-04,195,83,112
蜀南竹海,2026-01-05,206,70,136
蜀南竹海,2026-01-06,192,70,122
蜀南竹海,2026-01-07,193,78,115
蜀南竹海,2026-01-08,215,80,135
蜀南竹海,2026-01-09,200,82,118
蜀南竹海,2026-01-10,189,72,117
蜀南竹海,2026-01-11,189,63,126
蜀南竹海,2026-01-12,182,63,119
蜀南竹海,2026-01-13,196,66,130
蜀南竹海,2026-01-14,205,70,135
蜀南竹海,2026-01-15,213,78,135
蜀南竹海,2026-01-16,206,72,134
蜀南竹海,2026-01-17,208,70,138
蜀南竹海,2026-01-18,235,78,157
蜀南竹海,2026-01-19,225,80,145
蜀南竹海,2026-01-20,194,66,128
蜀南竹海,2026-01-21,215,76,139
蜀南竹海,2026-01-22,207,63,144
蜀南竹海,2026-01-23,202,70,132
蜀南竹海,2026-01-24,182,59,123
蜀南竹海,2026-01-25,198,64,134
蜀南竹海,2026-01-26,203,72,131
蜀南竹海,2026-01-27,207,68,139
蜀南竹海,2026-01-28,235,80,155
蜀南竹海,2026-01-29,199,78,121
蜀南竹海,2026-01-30,212,74,138
蜀南竹海,2026-01-31,204,61,143
蜀南竹海,2026-02-01,202,63,139
蜀南竹海,2026-02-02,214,76,138
蜀南竹海,2026-02-03,207,82,125
蜀南竹海,2026-02-04,230,83,147
蜀南竹海,2026-02-05,241,87,154
蜀南竹海,2026-02-06,235,80,155
蜀南竹海,2026-02-07,225,63,162
蜀南竹海,2026-02-08,226,66,160
蜀南竹海,2026-02-09,236,68,168
蜀南竹海,2026-02-10,230,85,145
蜀南竹海,2026-02-11,233,74,159
蜀南竹海,2026-02-12,215,74,141
蜀南竹海,2026-02-13,248,68,180
蜀南竹海,2026-02-14,245,63,182
蜀南竹海,2026-02-15,237,63,174
蜀南竹海,2026-02-16,281,57,224
蜀南竹海,2026-02-17,371,64,307
蜀南竹海,2026-02-18,420,64,356
蜀南竹海,2026-02-19,455,57,398
蜀南竹海,2026-02-20,449,61,388
蜀南竹海,2026-02-21,401,66,335
蜀南竹海,2026-02-22,353,66,287
蜀南竹海,2026-02-23,274,66,208
蜀南竹海,2026-02-24,288,83,205
蜀南竹海,2026-02-25,279,78,201
蜀南竹海,2026-02-26,276,83,193
蜀南竹海,2026-02-27,274,85,189
蜀南竹海,2026-02-28,259,85,174
蜀南竹海,2026-03-01,217,68,149
蜀南竹海,2026-03-02,230,76,154
蜀南竹海,2026-03-03,243,78,165
蜀南竹海,2026-03-04,241,89,152
蜀南竹海,2026-03-05,245,87,158
蜀南竹海,2026-03-06,242,101,141
蜀南竹海,2026-03-07,267,63,204
蜀南竹海,2026-03-08,234,70,164
蜀南竹海,2026-03-09,240,80,160
蜀南竹海,2026-03-10,262,83,179
蜀南竹海,2026-03-11,283,97,186
蜀南竹海,2026-03-12,225,82,143
蜀南竹海,2026-03-13,257,83,174
蜀南竹海,2026-03-14,215,64,151
蜀南竹海,2026-03-15,212,64,148
蜀南竹海,2026-03-16,257,83,174
蜀南竹海,2026-03-17,240,93,147
蜀南竹海,2026-03-18,278,104,174
蜀南竹海,2026-03-19,232,80,152
蜀南竹海,2026-03-20,262,97,165
蜀南竹海,2026-03-21,238,64,174
蜀南竹海,2026-03-22,252,59,193
蜀南竹海,2026-03-23,244,74,170
蜀南竹海,2026-03-24,269,83,186
蜀南竹海,2026-03-25,255,97,158
蜀南竹海,2026-03-26,286,74,212
蜀南竹海,2026-03-27,287,104,183
蜀南竹海,2026-03-28,303,72,231
蜀南竹海,2026-03-29,289,74,215
蜀南竹海,2026-03-30,307,83,224
蜀南竹海,2026-03-31,349,97,252
蜀南竹海,2026-04-01,429,137,292
蜀南竹海,2026-04-02,445,91,354
蜀南竹海,2026-04-03,477,97,380
蜀南竹海,2026-04-04,535,66,469
蜀南竹海,2026-04-05,454,57,397
蜀南竹海,2026-04-06,306,64,242
蜀南竹海,2026-04-07,322,91,231
蜀南竹海,2026-04-08,294,83,211
蜀南竹海,2026-04-09,293,85,208
蜀南竹海,2026-04-10,341,78,263
蜀南竹海,2026-04-11,312,74,238
蜀南竹海,2026-04-12,262,64,198
蜀南竹海,2026-04-13,315,93,222
蜀南竹海,2026-04-14,304,89,215
蜀南竹海,2026-04-15,312,97,215
蜀南竹海,2026-04-16,315,91,224
蜀南竹海,2026-04-17,346,82,264
蜀南竹海,2026-04-18,286,64,222
蜀南竹海,2026-04-19,272,57,215
蜀南竹海,2026-04-20,333,104,229
蜀南竹海,2026-04-21,318,91,227
蜀南竹海,2026-04-22,347,99,248
蜀南竹海,2026-04-23,326,95,231
蜀南竹海,2026-04-24,328,76,252
蜀南竹海,2026-04-25,284,66,218
蜀南竹海,2026-04-26,322,74,248
蜀南竹海,2026-04-27,370,85,285
蜀南竹海,2026-04-28,323,95,228
蜀南竹海,2026-04-29,383,108,275
蜀南竹海,2026-04-30,405,99,306
蜀南竹海,2026-05-01,462,63,399
蜀南竹海,2026-05-02,534,59,475
蜀南竹海,2026-05-03,500,63,437
蜀南竹海,2026-05-04,364,68,296
蜀南竹海,2026-05-05,316,70,246
蜀南竹海,2026-05-06,274,91,183
蜀南竹海,2026-05-07,250,80,170
蜀南竹海,2026-05-08,260,76,184
蜀南竹海,2026-05-09,262,78,184
蜀南竹海,2026-05-10,238,59,179
蜀南竹海,2026-05-11,251,74,177
蜀南竹海,2026-05-12,251,66,185
蜀南竹海,2026-05-13,278,83,195
蜀南竹海,2026-05-14,250,66,184
蜀南竹海,2026-05-15,276,61,215
蜀南竹海,2026-05-16,278,63,215
蜀南竹海,2026-05-17,259,72,187
蜀南竹海,2026-05-18,253,66,187
蜀南竹海,2026-05-19,243,64,179
蜀南竹海,2026-05-20,252,93,159
蜀南竹海,2026-05-21,282,99,183
蜀南竹海,2026-05-22,235,68,167
蜀南竹海,2026-05-23,218,59,159
蜀南竹海,2026-05-24,241,68,173
蜀南竹海,2026-05-25,263,87,176
蜀南竹海,2026-05-26,233,76,157
蜀南竹海,2026-05-27,246,64,182
蜀南竹海,2026-05-28,247,89,158
蜀南竹海,2026-05-29,261,72,189
蜀南竹海,2026-05-30,221,70,151
蜀南竹海,2026-05-31,250,63,187
蜀南竹海,2026-06-01,225,82,143
蜀南竹海,2026-06-02,220,63,157
蜀南竹海,2026-06-03,226,83,143
蜀南竹海,2026-06-04,234,72,162
蜀南竹海,2026-06-05,228,68,160
蜀南竹海,2026-06-06,191,59,132
蜀南竹海,2026-06-07,152,0,152
蜀南竹海,2026-06-08,208,80,128
蜀南竹海,2026-06-09,235,78,157
蜀南竹海,2026-06-10,225,68,157
蜀南竹海,2026-06-11,238,76,162
蜀南竹海,2026-06-12,213,68,145
蜀南竹海,2026-06-13,202,57,145
蜀南竹海,2026-06-14,228,63,165
蜀南竹海,2026-06-15,245,68,177
蜀南竹海,2026-06-16,216,72,144
蜀南竹海,2026-06-17,200,72,128
蜀南竹海,2026-06-18,247,74,173
蜀南竹海,2026-06-19,251,61,190
蜀南竹海,2026-06-20,249,63,186
蜀南竹海,2026-06-21,228,64,164
蜀南竹海,2026-06-22,217,66,151
蜀南竹海,2026-06-23,199,63,136
蜀南竹海,2026-06-24,202,68,134
蜀南竹海,2026-06-25,220,68,152
蜀南竹海,2026-06-26,215,74,141
蜀南竹海,2026-06-27,228,74,154
蜀南竹海,2026-06-28,216,61,155
蜀南竹海,2026-06-29,272,82,190
蜀南竹海,2026-06-30,203,68,135
蜀南竹海,2026-07-01,208,64,144
蜀南竹海,2026-07-02,230,68,162
蜀南竹海,2026-07-03,214,66,148
蜀南竹海,2026-07-04,238,61,177
蜀南竹海,2026-07-05,233,59,174
蜀南竹海,2026-07-06,247,83,164
蜀南竹海,2026-07-07,240,70,170
蜀南竹海,2026-07-08,241,70,171
蜀南竹海,2026-07-09,229,63,166
蜀南竹海,2026-07-10,222,57,165
蜀南竹海,2026-07-11,223,59,164
蜀南竹海,2026-07-12,160,0,160
蜀南竹海,2026-07-13,228,61,167
蜀南竹海,2026-07-14,227,76,151
蜀南竹海,2026-07-15,240,70,170
蜀南竹海,2026-07-16,243,72,171
蜀南竹海,2026-07-17,237,64,173
蜀南竹海,2026-07-18,227,57,170
蜀南竹海,2026-07-19,237,59,178
蜀南竹海,2026-07-20,236,66,170
蜀南竹海,2026-07-21,382,72,310
蜀南竹海,2026-07-22,255,70,185
蜀南竹海,2026-07-23,231,61,170
蜀南竹海,2026-07-24,261,72,189
蜀南竹海,2026-07-25,235,61,174
蜀南竹海,2026-07-26,247,61,186
蜀南竹海,2026-07-27,224,66,158
蜀南竹海,2026-07-28,267,78,189
蜀南竹海,2026-07-29,249,85,164
蜀南竹海,2026-07-30,267,74,193
蜀南竹海,2026-07-31,273,78,195
蜀南竹海,2026-08-01,299,64,235
蜀南竹海,2026-08-02,309,64,245
蜀南竹海,2026-08-03,306,70,236
蜀南竹海,2026-08-04,289,74,215
蜀南竹海,2026-08-05,286,57,229
蜀南竹海,2026-08-06,285,66,219
蜀南竹海,2026-08-07,313,74,239
蜀南竹海,2026-08-08,290,63,227
蜀南竹海,2026-08-09,258,61,197
蜀南竹海,2026-08-10,281,78,203
蜀南竹海,2026-08-11,269,63,206
蜀南竹海,2026-08-12,261,72,189
蜀南竹海,2026-08-13,248,82,166
蜀南竹海,2026-08-14,257,72,185
蜀南竹海,2026-08-15,252,57,195
蜀南竹海,2026-08-16,264,66,198
蜀南竹海,2026-08-17,237,70,167
蜀南竹海,2026-08-18,240,74,166
蜀南竹海,2026-08-19,278,78,200
蜀南竹海,2026-08-20,288,80,208
蜀南竹海,2026-08-21,280,68,212
蜀南竹海,2026-08-22,230,63,167
蜀南竹海,2026-08-23,247,57,190
蜀南竹海,2026-08-24,324,85,239
蜀南竹海,2026-08-25,245,64,181
蜀南竹海,2026-08-26,229,72,157
蜀南竹海,2026-08-27,231,64,167
蜀南竹海,2026-08-28,205,64,141
蜀南竹海,2026-08-29,210,66,144
蜀南竹海,2026-08-30,228,70,158
蜀南竹海,2026-08-31,239,80,159
蜀南竹海,2026-09-01,215,61,154
蜀南竹海,2026-09-02,217,78,139
蜀南竹海,2026-09-03,208,61,147
蜀南竹海,2026-09-04,206,72,134
蜀南竹海,2026-09-05,208,57,151
蜀南竹海,2026-09-06,212,61,151
蜀南竹海,2026-09-07,233,76,157
蜀南竹海,2026-09-08,231,72,159
蜀南竹海,2026-09-09,211,66,145
蜀南竹海,2026-09-10,211,63,148
蜀南竹海,2026-09-11,235,78,157
蜀南竹海,2026-09-12,229,59,170
蜀南竹海,2026-09-13,214,63,151
